case_id,transaction_id,dispute_description,ground_truth_reason,transaction_amount,missing_document,contradiction,expected_human_review,synthetic
SYN-01212,TXN-263450,merchant has not processed my refund,Refund not processed,32620.03,False,False,False,True
SYN-01189,TXN-136118,I do not rcognize this payment,Transaction not recognized,16406.31,True,False,True,True
SYN-01350,TXN-602171,charged the wrong amount. ref tx,Incorrect transaction amount,23191.7,False,False,False,True
SYN-00858,TXN-817318,item is different from its description,Product not as described,24452.1,False,False,False,True
SYN-00926,TXN-207392,charged the wrong amount,Incorrect transaction amount,68326.85,False,False,False,True
SYN-01302,TXN-404154,charged te wrong amount,Incorrect transaction amount,64363.76,False,False,False,True
SYN-01264,TXN-276394,unclear problem with this purchase,Other,51022.19,False,False,True,True
SYN-00478,TXN-716493,amount taken is higher than agreed,Incorrect transaction amount,11284.49,False,False,False,True
SYN-01312,TXN-984015,unclear problem with this purchase. possible mix up,Other,69282.31,False,False,True,True
SYN-01061,TXN-933206,I do not recognize this payment,Transaction not recognized,63958.66,False,False,False,True
SYN-00930,TXN-333159,service was not as advertised,Product not as described,61129.96,False,True,True,True
SYN-01494,TXN-847841,invoice total differs from debit,Incorrect transaction amount,71535.61,False,False,False,True
SYN-01364,TXN-240082,refund promised but not received. please help,Refund not processed,35649.16,False,False,False,True
SYN-00984,TXN-136500,payment dispute needs investigation,Other,67911.07,True,False,True,True
SYN-01468,TXN-705282,refund promised but not received,Refund not processed,23173.89,True,True,True,True
SYN-00625,TXN-766764,order never delivered although tracking says pending,Product not received,29304.34,False,True,True,True
SYN-00098,TXN-410636,service was not as advertised,Product not as described,62480.43,False,False,False,True
SYN-00828,TXN-870033,merchant has not processed my refund,Refund not processed,15971.3,False,False,False,True
SYN-01162,TXN-373820,service was not as advertised,Product not as described,40825.34,False,False,False,True
SYN-01583,TXN-274872,renewal debit after cancellation,Subscription cancellation dispute,34163.83,True,True,True,True
SYN-00414,TXN-180813,invoice total differs from debit,Incorrect transaction amount,43333.12,True,False,True,True
SYN-00492,TXN-904858,refund promised but not received,Refund not processed,58566.49,False,True,True,True
SYN-00604,TXN-106918,return completed but money not credited,Refund not processed,66560.35,True,False,True,True
SYN-01253,TXN-977885,I do not recognize this payment. please help,Transaction not recognized,70728.11,False,True,True,True
SYN-00540,TXN-195310,merchant has not processed y refund,Refund not processed,211.69,False,False,False,True
SYN-01526,TXN-364760,invoice total differs from debit. ref tx,Incorrect transaction amount,15139.33,False,False,False,True
SYN-01424,TXN-705923,unclear problem with this purchase,Other,60139.41,False,False,True,True
SYN-00010,TXN-913694,product quality and colour do not match,Product not as described,63245.17,False,False,False,True
SYN-00422,TXN-934638,amount taken is higher than agreed,Incorrect transaction amount,41082.18,False,False,False,True
SYN-00453,TXN-841535,I do not recognize this payment,Transaction not recognized,23932.12,False,False,False,True
SYN-00937,TXN-890645,did not receive the product,Product not received,13047.83,False,False,False,True
SYN-01462,TXN-336800,charged the wrong amount,Incorrect transaction amount,54868.4,False,False,False,True
SYN-00765,TXN-197649,I never authorized this transaction,Transaction not recognized,69874.62,False,False,False,True
SYN-01099,TXN-119527,duplicate payment appears on my card,Duplicate charge,17683.02,False,False,False,True
SYN-00320,TXN-259814,I have another issue with this transation,Other,31434.26,False,False,False,True
SYN-00911,TXN-688285,membership was cancelled but billing continued,Subscription cancellation dispute,73318.74,True,False,True,True
SYN-00613,TXN-256826,unknown purchase on my statement. please help,Transaction not recognized,31600.09,False,False,False,True
SYN-00045,TXN-374680,I do not recognize this payment,Transaction not recognized,9984.44,True,False,True,True
SYN-01159,TXN-774920,membership was cancelled but billing continued,Subscription cancellation dispute,38556.28,True,False,True,True
SYN-01046,TXN-818247,charged the wrong amount. urgent,Incorrect transaction amount,44156.46,False,False,False,True
SYN-00032,TXN-102260,I have another issue with this transaction. ref tx,Other,12514.02,False,False,False,True
SYN-00179,TXN-314353,duplicate payment appears on my card,Duplicate charge,4296.75,True,False,True,True
SYN-00910,TXN-850742,invoice total differs from debit. details missing,Incorrect transaction amount,29936.74,True,False,True,True
SYN-00434,TXN-227352,product quality and colour do not match,Product not as described,59576.76,True,True,True,True
SYN-00234,TXN-361736,product qulity and colour do not match,Product not as described,48786.79,False,False,False,True
SYN-00452,TXN-243079,refund promised but not received,Refund not processed,22771.34,False,True,True,True
SYN-00920,TXN-827968,payment dispute needs investigation,Other,35807.32,False,False,False,True
SYN-00219,TXN-766549,same transaction debited two times,Duplicate charge,35365.57,False,False,False,True
SYN-01539,TXN-235753,charged twice for the same order,Duplicate charge,41446.16,False,True,True,True
SYN-01528,TXN-105490,I have another issue with this transaction. please help,Other,60788.47,False,False,False,True
SYN-00005,TXN-230889,unknown purchase on my statement. possible mix up,Transaction not recognized,34564.44,True,True,True,True
SYN-00575,TXN-818699,renewal debit after cancellation,Subscription cancellation dispute,16144.71,True,False,True,True
SYN-00830,TXN-597643,invoice total differs from debit,Incorrect transaction amount,52979.17,False,False,False,True
SYN-00760,TXN-327408,payment dispute needs investigation,Other,37110.81,False,False,False,True
SYN-01000,TXN-618172,I have another issue with this transaction,Other,21738.84,False,False,False,True
SYN-00460,TXN-497108,refund promised but not received,Refund not processed,37082.03,False,False,False,True
SYN-00486,TXN-992647,charged the wrong amount,Incorrect transaction amount,10345.74,True,False,True,True
SYN-00669,TXN-242921,unknown purchase on my statement,Transaction not recognized,56920.11,True,False,True,True
SYN-01469,TXN-296114,I never authorized this transaction. ref tx,Transaction not recognized,67078.43,False,False,False,True
SYN-00912,TXN-863364,I have another issue with this transaction. ref tx,Other,12450.68,False,False,False,True
SYN-01029,TXN-696152,unknown purchase on my statement. urgent,Transaction not recognized,32193.77,True,False,True,True
SYN-00576,TXN-556379,payment dispute needs investigation,Other,55654.59,False,False,False,True
SYN-00554,TXN-897730,service was not as advertised,Product not as described,53334.09,False,False,False,True
SYN-00229,TXN-144412,I never authorized this transaction. ref tx,Transaction not recognized,26495.07,False,False,False,True
SYN-01007,TXN-628216,renewal debit after cancellation,Subscription cancellation dispute,19669.08,False,False,False,True
SYN-01169,TXN-133773,order never delivered although tracking says pending,Product not received,42654.36,True,False,True,True
SYN-00913,TXN-417960,order never delivered although tracking says pending,Product not received,10943.36,False,False,False,True
SYN-01240,TXN-790318,unclear problem with this purchase,Other,35813.4,False,False,True,True
SYN-00570,TXN-780840,item is different from its description,Product not as described,56459.36,False,False,False,True
SYN-00956,TXN-631297,merchant has not processed my refund,Refund not processed,64105.34,False,False,False,True
SYN-01576,TXN-736592,unclear problem with this purchase,Other,59905.57,True,False,True,True
SYN-01094,TXN-220213,invoice total differs from debit,Incorrect transaction amount,19436.16,False,False,False,True
SYN-00447,TXN-837623,charged after cancelling subscription. details missing,Subscription cancellation dispute,44448.47,False,False,False,True
SYN-00529,TXN-938754,my parcel has not arrived. ref tx,Product not received,63830.08,True,False,True,True
SYN-00243,TXN-553633,charged twice for the same order,Duplicate charge,72476.56,False,False,False,True
SYN-00727,TXN-163029,renewal debit after cancellation,Subscription cancellation dispute,19307.39,False,False,False,True
SYN-01194,TXN-298754,service was not as advertised. urgnt,Product not as described,42241.21,True,False,True,True
SYN-00053,TXN-392683,I do not recognize this payment. custmer says,Transaction not recognized,72523.27,True,False,True,True
SYN-01168,TXN-889185,unclear problem with this purchase. possible mix up,Other,32043.23,False,False,True,True
SYN-00684,TXN-927477,refund promised but not received,Refund not processed,9148.91,True,False,True,True
SYN-00178,TXN-721946,product quality and colour do not match. possible mix up,Product not as described,50930.38,True,True,True,True
SYN-00102,TXN-189318,chaged the wrong amount,Incorrect transaction amount,71194.55,True,False,True,True
SYN-01268,TXN-784925,return completed but money not credited,Refund not processed,20785.44,False,False,False,True
SYN-01476,TXN-103257,merchant has not processed my refund. possible mix up,Refund not processed,21740.09,False,False,False,True
SYN-01464,TXN-803069,unclear problem with this purchase,Other,16092.38,True,False,True,True
SYN-00418,TXN-384434,service was not as advertised,Product not as described,54077.26,True,False,True,True
SYN-01091,TXN-790229,charged twice for the same order,Duplicate charge,1595.09,False,False,False,True
SYN-00467,TXN-309374,charged twice for the same order. please help,Duplicate charge,45095.72,True,False,True,True
SYN-00230,TXN-160144,amount taken is higher than agreed,Incorrect transaction amount,73506.02,False,False,False,True
SYN-00043,TXN-459536,charged twice for the same order,Duplicate charge,15954.31,True,False,True,True
SYN-01067,TXN-951266,charged twice for the same order,Duplicate charge,26024.09,False,False,False,True
SYN-00848,TXN-456581,unclear problem with this purchase. please help,Other,40189.58,False,True,True,True
SYN-01375,TXN-826061,charged after cancelling subscription. urgent,Subscription cancellation dispute,5974.33,False,False,False,True
SYN-00629,TXN-832377,I never authorized this transaction,Transaction not recognized,38388.49,True,False,True,True
SYN-00279,TXN-401198,charged after cancelling subscription,Subscription cancellation dispute,15118.51,False,False,False,True
SYN-00799,TXN-658624,membership was cancelled but billing continued,Subscription cancellation dispute,59473.63,True,False,True,True
SYN-01250,TXN-498663,service was not as advertised,Product not as described,64028.96,True,False,True,True
SYN-01332,TXN-273558,return completed but money not credited. possible mix up,Refund not processed,72871.05,False,False,False,True
SYN-01057,TXN-481405,order never delivered although tracking says pending,Product not received,11740.48,False,False,False,True
SYN-00747,TXN-513296,charged twice for the same order,Duplicate charge,54070.75,False,False,False,True
SYN-01363,TXN-837246,duplicate payment appears on my card. custmer says,Duplicate charge,56171.35,False,False,False,True
SYN-00359,TXN-585556,renewal debit after cancellation,Subscription cancellation dispute,28183.52,False,False,False,True
SYN-01045,TXN-121817,unknown purchase on m statement,Transaction not recognized,52373.78,False,False,False,True
SYN-00084,TXN-307963,refund promised but not received,Refund not processed,70621.94,False,False,False,True
SYN-00061,TXN-324082,I do not recognize this payment,Transaction not recognized,33273.0,False,False,False,True
SYN-00067,TXN-587213,same tranaction debited two times,Duplicate charge,10172.9,False,True,True,True
SYN-00153,TXN-393328,did not receive the product. ref tx,Product not received,70441.11,False,False,False,True
SYN-00277,TXN-155040,I never authorized this transaction,Transaction not recognized,47917.89,False,False,False,True
SYN-01214,TXN-689448,charged the wrong amount,Incorrect transaction amount,21384.57,False,False,False,True
SYN-00750,TXN-517375,amount taken is higher than agreed. ref tx,Incorrect transaction amount,21979.51,False,True,True,True
SYN-01103,TXN-100569,membership was cancelled but billing continued. possible mix up,Subscription cancellation dispute,72911.69,False,False,False,True
SYN-01027,TXN-848301,same transacion debited two times,Duplicate charge,48640.92,False,False,False,True
SYN-01596,TXN-666052,refund promised but not received. details missing,Refund not processed,67709.99,False,True,True,True
SYN-01006,TXN-513869,amount taken is higher than agreed,Incorrect transaction amount,28693.52,True,False,True,True
SYN-00199,TXN-843266,renewal debit after cancellation. merchant disagrees,Subscription cancellation dispute,9844.71,False,False,False,True
SYN-00621,TXN-813666,I never authorized this transaction,Transaction not recognized,45968.29,False,False,False,True
SYN-01274,TXN-223025,service was not as advertised,Product not as described,49461.62,False,False,False,True
SYN-00377,TXN-896922,did not receive the product. possible mix up,Product not received,56807.37,False,False,False,True
SYN-00505,TXN-708502,order never delivered although tracking says pending,Product not received,47652.51,True,True,True,True
SYN-00594,TXN-952117,item i different from its description. custmer says,Product not as described,47445.29,False,False,False,True
SYN-01267,TXN-933958,duplicate payment appears on my card,Duplicate charge,51945.95,False,False,False,True
SYN-00797,TXN-468512,unknown purchase on my statement,Transaction not recognized,35754.49,False,True,True,True
SYN-00996,TXN-685661,merchant has not processed my refund. ref tx,Refund not processed,71118.52,False,False,False,True
SYN-01265,TXN-722217,my parcel has not arrived. ref tx,Product not received,48826.97,True,False,True,True
SYN-01515,TXN-566070,duplicate payment appars on my card. ref tx,Duplicate charge,49357.58,True,False,True,True
SYN-00039,TXN-204837,membership was cancelled but billing continued,Subscription cancellation dispute,42311.49,True,False,True,True
SYN-00140,TXN-620856,merchant has not processed my refund. possible mix up,Refund not processed,45558.81,False,True,True,True
SYN-01112,TXN-951307,payment dispute needs investigation,Other,62967.94,False,False,False,True
SYN-01419,TXN-960270,charged twice for the same order,Duplicate charge,34902.71,False,False,False,True
SYN-01012,TXN-557629,merchant has ot processed my refund. urgent,Refund not processed,53005.73,True,False,True,True
SYN-00302,TXN-544730,charged the wrong amount,Incorrect transaction amount,53987.95,False,False,False,True
SYN-00657,TXN-586279,did not receive the product,Product not received,46101.66,False,True,True,True
SYN-01298,TXN-971783,service was not as advertised,Product not as described,46297.85,False,False,False,True
SYN-00055,TXN-735656,membership was cancelled but billing coninued. merchant disagrees,Subscription cancellation dispute,23662.38,False,False,False,True
SYN-01355,TXN-656249,duplicae payment appears on my card. merchant disagrees,Duplicate charge,13518.65,False,False,False,True
SYN-00999,TXN-224269,charged after cancelling subscription. details missing,Subscription cancellation dispute,50585.7,False,False,False,True
SYN-01090,TXN-704876,product quality and colour do not match,Product not as described,46478.68,False,False,False,True
SYN-01053,TXN-258522,unknown purchase on my statement,Transaction not recognized,41864.83,False,False,False,True
SYN-00360,TXN-536181,unclear problem with this purchase,Other,8019.4,True,True,True,True
SYN-01368,TXN-131652,I have another issue with this transaction,Other,65311.55,True,False,True,True
SYN-00745,TXN-803950,my parcel has not arrived. possible mix up,Product not received,16846.28,False,False,False,True
SYN-01186,TXN-583767,item is different from its description. please help,Product not as described,34925.03,True,False,True,True
SYN-01105,TXN-415242,did not receive the product. possible mix up,Product not received,42318.07,True,False,True,True
SYN-00865,TXN-223215,order never deliveredalthough tracking says pending,Product not received,17825.03,True,True,True,True
SYN-01338,TXN-376864,product quality and colour do not match,Product not as described,66322.07,True,False,True,True
SYN-01523,TXN-282450,duplicate payment appears on my card. urgent,Duplicate charge,17898.2,False,False,False,True
SYN-00469,TXN-489043,unknown purchase on my statement,Transaction not recognized,29186.42,True,False,True,True
SYN-00173,TXN-386544,I never authorized this transacion,Transaction not recognized,2364.73,False,False,False,True
SYN-01313,TXN-817684,order never delivered although tracking says pending. please help,Product not received,1219.96,True,False,True,True
SYN-00131,TXN-747453,duplicate payment appears on my card,Duplicate charge,40667.54,False,False,False,True
SYN-01460,TXN-255190,merchant has not processed my refund. urgent,Refund not processed,24085.4,False,True,True,True
SYN-00895,TXN-776000,charged after cancelling subscription. custmer says,Subscription cancellation dispute,33400.18,True,False,True,True
SYN-00915,TXN-891930,charged twice for the same order. custmer says,Duplicate charge,53326.19,False,False,False,True
SYN-00285,TXN-284019,I never authorized thistransaction. urgent,Transaction not recognized,56844.51,False,False,False,True
SYN-00623,TXN-791308,membership was cancelled but billing continued. merchant disagrees,Subscription cancellation dispute,10526.66,False,False,False,True
SYN-00113,TXN-713762,did not receive the product. possible mix up,Product not received,21005.39,False,False,False,True
SYN-01175,TXN-236243,charged after cancelling subscription,Subscription cancellation dispute,64954.19,True,False,True,True
SYN-00129,TXN-377896,my parcel has not arrived,Product not received,35317.37,False,True,True,True
SYN-01243,TXN-605590,same transaction debited two times,Duplicate charge,71637.79,False,False,False,True
SYN-00473,TXN-626491,did not receive the product,Product not received,53629.78,True,False,True,True
SYN-00427,TXN-237057,charged twice for the same order,Duplicate charge,49750.47,False,True,True,True
SYN-01567,TXN-163766,charged after cancelling subscription. details missing,Subscription cancellation dispute,53858.07,False,True,True,True
SYN-00864,TXN-852037,unclear problem with this purchase,Other,44800.74,True,False,True,True
SYN-00752,TXN-288503,unclear problem with this purchase,Other,37648.7,False,True,True,True
SYN-01519,TXN-607243,charged after cancelling subscription. possible mix up,Subscription cancellation dispute,62981.39,False,True,True,True
SYN-00357,TXN-778159,I never authorized this transaction,Transaction not recognized,48447.98,False,False,False,True
SYN-00389,TXN-993829,I do not recognize this payment,Transaction not recognized,9967.58,True,False,True,True
SYN-00420,TXN-578933,merchant has not processed my refund. ref tx,Refund not processed,6660.72,False,False,False,True
SYN-00653,TXN-953350,unknown purchase on my statement,Transaction not recognized,4689.78,False,False,False,True
SYN-00744,TXN-302647,payment dispute needs investigation,Other,10485.09,False,False,False,True
SYN-00521,TXN-738584,my parcel has not arrived,Product not received,37430.38,True,False,True,True
SYN-00162,TXN-819425,service was not as advertised. custmer says,Product not as described,30240.37,True,False,True,True
SYN-00531,TXN-917012,charged twice for the same order. details missing,Duplicate charge,45926.58,False,False,False,True
SYN-01402,TXN-185678,service was not as advertised,Product not as described,20687.39,True,True,True,True
SYN-00736,TXN-238173,I have another issue with this transaction,Other,33797.3,True,False,True,True
SYN-00105,TXN-351516,did not eceive the product,Product not received,6271.9,False,False,False,True
SYN-00065,TXN-821024,did not receive the product,Product not received,11237.48,False,False,False,True
SYN-01390,TXN-470533,charged the wrong amount,Incorrect transaction amount,43322.65,True,True,True,True
SYN-00490,TXN-194782,service was not as advertised,Product not as described,62348.92,False,False,False,True
SYN-01020,TXN-935750,return completed but money not credited,Refund not processed,68034.41,False,False,False,True
SYN-00509,TXN-613358,I never authorized this transaction. ref tx,Transaction not recognized,57383.15,False,True,True,True
SYN-01328,TXN-677236,payment dispute needs investigation,Other,14538.85,False,True,True,True
SYN-01358,TXN-254958,charged the wrong amount,Incorrect transaction amount,11164.01,False,False,False,True
SYN-00737,TXN-821978,my parcel has not arrived,Product not received,10529.74,False,False,False,True
SYN-00202,TXN-985447,item is different from its description. possible mix up,Product not as described,5971.03,True,True,True,True
SYN-01255,TXN-840842,renewal debit after cancellation. merchant disagrees,Subscription cancellation dispute,74764.27,False,True,True,True
SYN-01311,TXN-814852,membership was cancelled but billing continued,Subscription cancellation dispute,37267.95,True,False,True,True
SYN-00887,TXN-839113,charged after cancelling subscription. merchant disagrees,Subscription cancellation dispute,48682.96,True,False,True,True
SYN-01209,TXN-181961,my parcel has not arrived. urgent,Product not received,17875.23,False,False,False,True
SYN-00003,TXN-106814,same transaction debited two times,Duplicate charge,60745.21,True,False,True,True
SYN-00508,TXN-428638,merchant has not processed my refund,Refund not processed,74000.69,True,False,True,True
SYN-00942,TXN-404704,invoice total differs from debit,Incorrect transaction amount,41632.46,False,False,False,True
SYN-00796,TXN-797492,refund promised but not received,Refund not processed,52530.87,False,False,False,True
SYN-00835,TXN-112542,same transaction debited two times,Duplicate charge,62410.21,False,False,False,True
SYN-01440,TXN-307488,unclear problem with this purchase,Other,18906.22,False,False,True,True
SYN-00471,TXN-534096,renewal debit after cancellation. possible mix up,Subscription cancellation dispute,60651.68,True,False,True,True
SYN-00641,TXN-976960,did not receive the product. custmer says,Product not received,62653.38,True,False,True,True
SYN-00870,TXN-721497,charged the wrong amount. please help,Incorrect transaction amount,54160.67,True,False,True,True
SYN-00288,TXN-826420,payment dispute needs investigation,Other,49095.17,False,True,True,True
SYN-00122,TXN-389666,item is different from its description,Product not as described,64829.08,False,False,False,True
SYN-01037,TXN-116656,I never authorized this transaction,Transaction not recognized,8570.17,True,True,True,True
SYN-01365,TXN-582752,I do not recognize this payment. merchant disagrees,Transaction not recognized,10622.47,False,False,False,True
SYN-00879,TXN-869105,charged after cancelling subscription,Subscription cancellation dispute,74347.25,False,True,True,True
SYN-00480,TXN-596025,unclear problem with this purchase,Other,42986.91,True,False,True,True
SYN-01222,TXN-643725,charged the wrong amount. ossible mix up,Incorrect transaction amount,67594.38,False,False,False,True
SYN-01465,TXN-898598,my parcel has not arrived,Product not received,61086.67,False,False,False,True
SYN-00523,TXN-113368,charged twice for the same order,Duplicate charge,17740.23,False,False,False,True
SYN-00697,TXN-318877,did not rceive the product,Product not received,69779.72,False,True,True,True
SYN-00859,TXN-281873,same transaction debited two times,Duplicate charge,3608.92,False,False,False,True
SYN-00330,TXN-679549,service was not as advrtised,Product not as described,28568.33,False,True,True,True
SYN-00201,TXN-289019,did not receive the prouct,Product not received,27321.67,False,False,False,True
SYN-01230,TXN-390206,amount taken is higherthan agreed,Incorrect transaction amount,28453.47,True,False,True,True
SYN-00026,TXN-324643,item is different from its description,Product not as described,50239.21,True,False,True,True
SYN-01215,TXN-104383,renewal debit after cancellation,Subscription cancellation dispute,68726.59,False,False,False,True
SYN-01130,TXN-344435,item is different from its description,Product not as described,56446.61,False,True,True,True
SYN-00666,TXN-831510,product quality and colour do not match,Product not as described,72721.73,True,False,True,True
SYN-00591,TXN-980919,membership was cancelled but billing continued. merchant disagrees,Subscription cancellation dispute,32821.52,True,False,True,True
SYN-00822,TXN-373094,invoice total differs from debit. please help,Incorrect transaction amount,58919.4,False,False,False,True
SYN-00980,TXN-944986,refund promised but not received,Refund not processed,55345.02,True,False,True,True
SYN-01080,TXN-654844,I have another issue with this transaction,Other,38585.79,False,False,False,True
SYN-00710,TXN-196369,invoice total differs from debit. merchant disagrees,Incorrect transaction amount,60868.16,False,False,False,True
SYN-00518,TXN-498724,charged the wrong amount,Incorrect transaction amount,31374.23,True,False,True,True
SYN-00078,TXN-372793,amount taken is higherthan agreed,Incorrect transaction amount,13792.51,False,False,False,True
SYN-00253,TXN-267457,I do not recognize this payment. please help,Transaction not recognized,18769.87,False,False,False,True
SYN-00598,TXN-693297,amount taken is higher than agreed,Incorrect transaction amount,42563.09,True,True,True,True
SYN-01493,TXN-467230,I do not reconize this payment,Transaction not recognized,19006.47,False,True,True,True
SYN-00552,TXN-680472,unclear problem with this purchase,Other,55313.77,False,False,True,True
SYN-00733,TXN-954441,unknown purchase on my statement. details missing,Transaction not recognized,29159.75,True,False,True,True
SYN-00049,TXN-348237,did not receive the product. possible mix up,Product not received,56260.67,False,False,False,True
SYN-01382,TXN-912709,charged the wrog amount,Incorrect transaction amount,37762.35,False,False,False,True
SYN-00538,TXN-522866,product quality and colour do not match. merchant disagrees,Product not as described,48319.78,True,False,True,True
SYN-00334,TXN-847332,charged the wrong amount. possible mix up,Incorrect transaction amount,56468.39,False,False,False,True
SYN-01156,TXN-566097,return completed but money not credited. possible mix up,Refund not processed,6484.39,False,True,True,True
SYN-01387,TXN-318964,same transaction debited two times,Duplicate charge,29194.43,False,False,False,True
SYN-00306,TXN-403314,product quality and colour do not match,Product not as described,10681.28,False,False,False,True
SYN-00011,TXN-694731,charged twice for the same order. please help,Duplicate charge,68502.5,False,True,True,True
SYN-00778,TXN-256557,item is different from its description. custmer says,Product not as described,5151.8,False,False,False,True
SYN-01009,TXN-478108,order never delivered although tracking says pending. please help,Product not received,21218.13,False,False,False,True
SYN-00674,TXN-215717,service was not as advertised,Product not as described,10418.61,True,True,True,True
SYN-00246,TXN-708851,invoice total differs from debit. merchant disagrees,Incorrect transaction amount,44466.86,True,False,True,True
SYN-00059,TXN-810219,duplicate payment appears on my card. custmer says,Duplicate charge,70539.14,True,False,True,True
SYN-00837,TXN-769078,I do not recognize ths payment,Transaction not recognized,71296.52,False,False,False,True
SYN-01527,TXN-947954,membership was cancelled but billing continued,Subscription cancellation dispute,61074.88,True,True,True,True
SYN-01104,TXN-468488,I have another issue with this transaction,Other,28634.86,False,False,False,True
SYN-01549,TXN-380531,unknown purchase on my statement,Transaction not recognized,39607.47,True,False,True,True
SYN-01488,TXN-389666,I have another issue with this transaction. custmer says,Other,70905.88,True,False,True,True
SYN-00455,TXN-700660,membership was cancelled but billing continued. custmer says,Subscription cancellation dispute,52709.93,True,True,True,True
SYN-01432,TXN-289401,unclear problem with this purchse,Other,21327.52,False,True,True,True
SYN-01297,TXN-640028,my parcel has not arrived,Product not received,36077.74,False,False,False,True
SYN-00316,TXN-354377,refund promised but not received,Refund not processed,36022.76,True,False,True,True
SYN-01224,TXN-193190,unclear problem with this purchase,Other,69339.1,False,False,True,True
SYN-00933,TXN-145383,I do not recognize this payment. possible mix up,Transaction not recognized,68157.9,False,False,False,True
SYN-00925,TXN-113524,unknown purchase on my statement. custmer says,Transaction not recognized,61783.77,True,False,True,True
SYN-00146,TXN-336574,product quality and colour do not match,Product not as described,10727.77,True,False,True,True
SYN-00275,TXN-883641,charged twice for the same order. merchant disagrees,Duplicate charge,49266.37,True,False,True,True
SYN-01211,TXN-477048,duplicate payment appears on my card. ref tx,Duplicate charge,36191.05,True,False,True,True
SYN-00689,TXN-409030,order never delivered although tracking says pending,Product not received,32924.44,False,False,False,True
SYN-00139,TXN-515032,same transaction debited two times,Duplicate charge,62286.64,False,True,True,True
SYN-00938,TXN-832045,service was notas advertised. custmer says,Product not as described,35708.19,False,False,False,True
SYN-01573,TXN-709732,I do not recognize this payment,Transaction not recognized,38211.54,False,False,False,True
SYN-00609,TXN-854500,my parcel has not arrived. urgent,Product not received,47893.82,False,False,False,True
SYN-00694,TXN-772036,charged the wrong amount,Incorrect transaction amount,24329.81,False,False,False,True
SYN-00403,TXN-769077,charged twice for the same order,Duplicate charge,18232.16,True,False,True,True
SYN-01117,TXN-732262,I never authorized this transaction,Transaction not recognized,50478.4,True,False,True,True
SYN-00934,TXN-309740,charged the wrong amount. please help,Incorrect transaction amount,15563.21,False,False,False,True
SYN-01401,TXN-124057,order never delivered although tracking says pending. possible mix up,Product not received,4244.05,False,False,False,True
SYN-01010,TXN-272998,product quality and colour do not match. merchant disagrees,Product not as described,23612.48,False,False,False,True
SYN-00755,TXN-571228,same transaction debited two times,Duplicate charge,8738.65,False,True,True,True
SYN-00256,TXN-593446,I have another issuewith this transaction,Other,49138.31,False,False,False,True
SYN-00524,TXN-636561,return completed but money not credited. please help,Refund not processed,6937.27,False,True,True,True
SYN-01436,TXN-877725,merchant has not processed my refund,Refund not processed,12046.6,False,False,False,True
SYN-00491,TXN-778827,duplicate payment appears on my card. please help,Duplicate charge,64311.77,False,False,False,True
SYN-00868,TXN-363592,merchant has not processed my refund. custmer says,Refund not processed,15876.52,True,False,True,True
SYN-00077,TXN-513160,unknown purchase on my statement,Transaction not recognized,40151.98,False,False,False,True
SYN-00500,TXN-955653,merchant has not processed my refund,Refund not processed,74607.57,False,False,False,True
SYN-00671,TXN-558339,membership was cancelled but billing continued,Subscription cancellation dispute,66185.6,False,False,False,True
SYN-01198,TXN-364178,invoice total diffes from debit,Incorrect transaction amount,42776.11,False,False,False,True
SYN-00825,TXN-791174,order never deliered although tracking says pending. merchant disagrees,Product not received,55474.49,False,False,False,True
SYN-00907,TXN-196973,chaged twice for the same order. details missing,Duplicate charge,33558.2,False,False,False,True
SYN-00430,TXN-573869,charged the wrong amount,Incorrect transaction amount,57820.96,True,False,True,True
SYN-00701,TXN-287588,I never authorized this transaction. ref tx,Transaction not recognized,46973.94,False,False,False,True
SYN-00195,TXN-649525,duplicate payent appears on my card,Duplicate charge,74325.75,True,False,True,True
SYN-01398,TXN-444688,charged the wrong amount. please help,Incorrect transaction amount,15119.63,False,False,False,True
SYN-00885,TXN-817923,unknown purchase on my statement,Transaction not recognized,15693.76,False,False,False,True
SYN-00898,TXN-337798,product quality and colour do not match,Product not as described,59237.01,False,False,False,True
SYN-01396,TXN-507081,refund promised but not received,Refund not processed,5657.88,True,False,True,True
SYN-00362,TXN-949541,product quality and colour do not match,Product not as described,22659.05,False,False,False,True
SYN-01412,TXN-578148,merchant has not processed my refund. merchant disagrees,Refund not processed,48738.24,False,False,False,True
SYN-01221,TXN-794791,I do not recognize this payment. ref tx,Transaction not recognized,43459.54,True,False,True,True
SYN-00922,TXN-767153,product quality and colour do not match,Product not as described,27214.39,False,True,True,True
SYN-01403,TXN-293020,duplicate payment appears on my card,Duplicate charge,67001.78,False,False,False,True
SYN-01463,TXN-778569,charged after cancelling subscription. merchant disagrees,Subscription cancellation dispute,18328.99,False,False,False,True
SYN-01371,TXN-773662,duplicate payment appears on my card,Duplicate charge,4687.12,True,True,True,True
SYN-01470,TXN-471643,invoice total differs from debit. custmer says,Incorrect transaction amount,41362.31,False,True,True,True
SYN-01422,TXN-956379,charged the wrong amount,Incorrect transaction amount,28204.92,True,True,True,True
SYN-00088,TXN-782054,unclear problem with this purchase,Other,39226.18,True,True,True,True
SYN-01327,TXN-860585,charged after cancelling subscription. ref tx,Subscription cancellation dispute,25848.11,True,False,True,True
SYN-00208,TXN-362147,unclear problem with this purchase,Other,10551.35,False,False,True,True
SYN-00698,TXN-685126,service was not as advertised,Product not as described,4739.43,True,False,True,True
SYN-01282,TXN-828252,service was not as advertised,Product not as described,32015.11,True,False,True,True
SYN-00819,TXN-817303,same transaction debited two tims. details missing,Duplicate charge,50219.71,False,False,False,True
SYN-00339,TXN-909676,duplicate payment appears on my card,Duplicate charge,28628.82,True,False,True,True
SYN-01055,TXN-206816,membership was cancelled but billing continued,Subscription cancellation dispute,45801.87,False,False,False,True
SYN-00300,TXN-665497,merchant has not processed my refund,Refund not processed,49701.74,False,False,False,True
SYN-00845,TXN-510339,I never authorized this transaction,Transaction not recognized,52563.83,False,False,False,True
SYN-01598,TXN-840632,invoice total differs from debit,Incorrect transaction amount,8398.3,False,False,False,True
SYN-00655,TXN-734992,renewal debit after cancellation,Subscription cancellation dispute,65079.04,True,True,True,True
SYN-01223,TXN-659102,charged after cancelling subscription,Subscription cancellation dispute,37647.88,False,False,False,True
SYN-00824,TXN-745710,unclear problem with this purchase ref tx,Other,19052.66,True,False,True,True
SYN-00117,TXN-893188,I do not recognize this payment,Transaction not recognized,27260.46,False,False,False,True
SYN-00735,TXN-537605,charged after cancelling subscription,Subscription cancellation dispute,51551.63,False,False,False,True
SYN-00820,TXN-111307,return completed but money not credited,Refund not processed,40220.02,False,False,False,True
SYN-00325,TXN-746467,I do not recognize this payment. ugent,Transaction not recognized,47901.74,False,True,True,True
SYN-01484,TXN-863589,return completed but money not credited,Refund not processed,51496.34,False,True,True,True
SYN-01147,TXN-937836,duplicate payment appears on my card,Duplicate charge,39613.65,False,True,True,True
SYN-00581,TXN-514306,unknown purchase on my statement,Transaction not recognized,32937.61,True,False,True,True
SYN-00776,TXN-922072,I have another issue with this transaction,Other,25265.54,False,False,False,True
SYN-01391,TXN-563518,charged after cancelling subscription. custmer says,Subscription cancellation dispute,19350.02,True,False,True,True
SYN-01059,TXN-849941,charged twice for the same order,Duplicate charge,20097.24,True,True,True,True
SYN-00244,TXN-843788,return copleted but money not credited,Refund not processed,12314.29,False,False,False,True
SYN-01393,TXN-754974,order never delivered although tracking says pending,Product not received,38532.96,False,False,False,True
SYN-01174,TXN-216123,invoice total differs rom debit. details missing,Incorrect transaction amount,11945.41,False,False,False,True
SYN-01349,TXN-841821,I do not recognize this payent,Transaction not recognized,25510.9,True,False,True,True
SYN-00836,TXN-135695,merchant has not processed my refund. please help,Refund not processed,19041.08,False,False,False,True
SYN-00380,TXN-274044,refund promised but not received. custmer says,Refund not processed,47530.88,False,False,False,True
SYN-00987,TXN-194634,duplicate payment appears on my card,Duplicate charge,19313.18,False,False,False,True
SYN-00690,TXN-388698,service was not as advertised,Product not as described,54983.43,True,False,True,True
SYN-01458,TXN-821673,item is different from its description. custmer says,Product not as described,74219.45,False,False,False,True
SYN-01565,TXN-372148,I never authorized this transaction,Transaction not recognized,59047.62,False,False,False,True
SYN-00014,TXN-260265,charged the wrong amount,Incorrect transaction amount,64610.36,False,False,False,True
SYN-00496,TXN-817659,unclear problem with this purchase,Other,21343.51,False,False,True,True
SYN-00617,TXN-830550,order never delivered although tracking says pending,Product not received,57162.9,False,False,False,True
SYN-00076,TXN-936912,refund promised but not received,Refund not processed,50231.42,False,False,False,True
SYN-00072,TXN-668969,I have another issue with this transaction. ref tx,Other,30687.84,False,True,True,True
SYN-00584,TXN-105274,unclear problem with this purchase,Other,9417.11,False,False,True,True
SYN-01595,TXN-392163,duplicate payment appears on my card,Duplicate charge,17528.49,False,True,True,True
SYN-00141,TXN-362801,unknown purchase on my statement,Transaction not recognized,14421.06,False,False,False,True
SYN-00643,TXN-616256,same transaction debited two times. possible mix up,Duplicate charge,46625.55,True,False,True,True
SYN-00882,TXN-125599,item is different from its description. custmer says,Product not as described,56096.79,False,False,False,True
SYN-00726,TXN-828834,charged the wrong amount,Incorrect transaction amount,74424.19,False,False,False,True
SYN-01202,TXN-355376,item is different from its description. details missing,Product not as described,32251.07,True,False,True,True
SYN-00421,TXN-486162,I do not recognize this payment,Transaction not recognized,18344.53,False,False,False,True
SYN-00849,TXN-502824,my parcel has not arrived,Product not received,41674.32,True,False,True,True
SYN-00176,TXN-155164,payment dispute needs investigation. merchant disagrees,Other,44797.13,True,False,True,True
SYN-01517,TXN-509599,I do not recognize this payment,Transaction not recognized,53025.31,False,False,False,True
SYN-01157,TXN-590262,I never authorized this transaction,Transaction not recognized,32071.88,False,False,False,True
SYN-00252,TXN-571435,refund promised but not received,Refund not processed,9363.76,True,False,True,True
SYN-01553,TXN-188597,orde never delivered although tracking says pending,Product not received,22670.18,True,False,True,True
SYN-01256,TXN-949566,unclear problem with this purchase,Other,28377.18,False,False,True,True
SYN-00739,TXN-433025,same transaction debited two times,Duplicate charge,9054.49,False,False,False,True
SYN-00169,TXN-797660,my parcel has not arrived,Product not received,26648.49,True,True,True,True
SYN-01115,TXN-616777,duplicate payment appears on my card,Duplicate charge,2951.38,False,False,False,True
SYN-00136,TXN-401603,I have another issue with this transaction,Other,60386.36,True,True,True,True
SYN-00935,TXN-464733,charged aftr cancelling subscription,Subscription cancellation dispute,71169.56,False,False,False,True
SYN-00248,TXN-748133,I have another issue with this transaction. custmer says,Other,42995.43,True,False,True,True
SYN-00688,TXN-822730,unclear problem with this purchase,Other,14633.0,False,False,True,True
SYN-01577,TXN-355882,order never delivered although tracking says pending,Product not received,43227.81,True,False,True,True
SYN-01394,TXN-815711,product quality and colour do not match,Product not as described,65690.0,False,False,False,True
SYN-00577,TXN-191772,did not receive the prouct,Product not received,25011.64,True,False,True,True
SYN-00212,TXN-781533,refund prmised but not received,Refund not processed,62970.23,True,False,True,True
SYN-01177,TXN-167077,my parcel has not arrived,Product not received,10872.5,True,True,True,True
SYN-00656,TXN-440881,I have another issue with this transaction,Other,21488.02,False,False,False,True
SYN-00058,TXN-799287,product quality and colour do not match,Product not as described,38132.27,True,False,True,True
SYN-01031,TXN-117058,renewal debit after cancellation,Subscription cancellation dispute,57694.55,False,False,False,True
SYN-00533,TXN-810859,unknown purchase on my statement. ref tx,Transaction not recognized,1123.56,True,False,True,True
SYN-01306,TXN-530670,product quality and colour do notmatch,Product not as described,67408.44,True,False,True,True
SYN-00054,TXN-220944,invoice total differs from debit,Incorrect transaction amount,70454.88,False,False,False,True
SYN-00064,TXN-534572,I have another issue with this transaction. please help,Other,5646.62,False,False,False,True
SYN-00220,TXN-868544,merchant has not processed my refund,Refund not processed,25990.57,True,False,True,True
SYN-01452,TXN-104872,return completed but money not credited,Refund not processed,64236.37,True,False,True,True
SYN-01404,TXN-539459,refund promised but not received. ref tx,Refund not processed,26325.21,False,True,True,True
SYN-00798,TXN-207932,invoice total differs from debit,Incorrect transaction amount,9728.2,False,False,False,True
SYN-00693,TXN-506313,unknown purchase on my statement,Transaction not recognized,40513.49,False,False,False,True
SYN-01581,TXN-734960,I do not recognize this payment,Transaction not recognized,50009.18,False,False,False,True
SYN-00497,TXN-787991,my parcel has not arrived,Product not received,20910.27,True,False,True,True
SYN-00187,TXN-281926,same transaction debited two times,Duplicate charge,19345.68,True,True,True,True
SYN-01236,TXN-393042,merchant has not processed my refund,Refund not processed,65201.46,True,False,True,True
SYN-01333,TXN-293007,unknown purchase on my statement,Transaction not recognized,20507.04,False,False,False,True
SYN-01593,TXN-703075,my parcel has not arrived,Product not received,39030.81,False,False,False,True
SYN-00150,TXN-222343,amount taken is higher than agreed. please help,Incorrect transaction amount,48762.76,False,False,False,True
SYN-01566,TXN-786398,invoice total differs from debit. custmer says,Incorrect transaction amount,17603.13,False,False,False,True
SYN-01207,TXN-292461,charged after cancelling subscription,Subscription cancellation dispute,39205.62,True,False,True,True
SYN-01139,TXN-451965,same transaction debited two times,Duplicate charge,42543.61,False,False,False,True
SYN-00225,TXN-938171,did not receive the product. merchant disagrees,Product not received,20635.88,True,False,True,True
SYN-00573,TXN-145981,unknown purchase on my statement. details missing,Transaction not recognized,33527.1,False,False,False,True
SYN-00775,TXN-777015,charged after cancelling subscription. possible mix up,Subscription cancellation dispute,59834.43,False,False,False,True
SYN-00908,TXN-305222,merchant has not processed my refund. custmer says,Refund not processed,57578.48,False,False,False,True
SYN-01280,TXN-326534,I have another issue with this transaction. urgent,Other,45240.0,False,False,False,True
SYN-01275,TXN-141044,charged twice for the same order,Duplicate charge,23708.66,True,False,True,True
SYN-00705,TXN-672130,order never delivered although tracking says pending,Product not received,18205.29,False,False,False,True
SYN-00062,TXN-640490,amount taken is higher than agreed,Incorrect transaction amount,6541.79,False,True,True,True
SYN-00883,TXN-757258,duplicate payment appears on my card,Duplicate charge,65391.95,False,False,False,True
SYN-00921,TXN-253235,my parcel has not arrived,Product not received,43707.34,True,False,True,True
SYN-00867,TXN-597457,same transaction debited two times,Duplicate charge,51455.92,True,False,True,True
SYN-00214,TXN-256782,amount taken is higher than agreed,Incorrect transaction amount,16330.19,False,True,True,True
SYN-00665,TXN-599284,my parcel has not arrived. possible mix up,Product not received,68662.29,True,False,True,True
SYN-01513,TXN-388548,order never delivered although tracking says pending,Product not received,27676.36,True,False,True,True
SYN-00535,TXN-462544,renewal debit after cancellation,Subscription cancellation dispute,18792.81,True,False,True,True
SYN-00267,TXN-353961,duplicate payment appears on my card. custmer says,Duplicate charge,61660.09,False,False,False,True
SYN-00841,TXN-370782,order never delivered although tracking says pending. please help,Product not received,74697.7,True,False,True,True
SYN-01579,TXN-180157,charged twice for the same order,Duplicate charge,42121.75,False,True,True,True
SYN-01345,TXN-172827,did not receive the product. merchant disagrees,Product not received,45664.7,True,False,True,True
SYN-01574,TXN-899656,amount taken is higher than agreed. urgent,Incorrect transaction amount,11424.74,False,False,False,True
SYN-00924,TXN-938732,refund promised but not received,Refund not processed,63405.46,True,False,True,True
SYN-00004,TXN-197251,refund promised but not received,Refund not processed,25376.61,True,False,True,True
SYN-00754,TXN-825318,product quality and colour do not match,Product not as described,18905.41,True,False,True,True
SYN-00370,TXN-491439,service was not as advertised,Product not as described,8946.89,True,False,True,True
SYN-01485,TXN-356238,I never authorized this transaction. ref tx,Transaction not recognized,37437.35,False,True,True,True
SYN-01019,TXN-145976,same transaction debited two times,Duplicate charge,633.25,False,False,False,True
SYN-00622,TXN-681866,invoice total differs from debit,Incorrect transaction amount,27891.3,False,False,False,True
SYN-01451,TXN-442753,duplicate payment appears on my card,Duplicate charge,13000.42,False,True,True,True
SYN-00628,TXN-311505,return completed but money not credited. details mising,Refund not processed,33034.55,False,False,False,True
SYN-00725,TXN-322167,I do not recognize this paymen. possible mix up,Transaction not recognized,55552.71,False,False,False,True
SYN-00057,TXN-796503,did not receive the product,Product not received,32460.48,False,False,False,True
SYN-00329,TXN-414546,order never delivered althogh tracking says pending,Product not received,52352.97,False,False,False,True
SYN-00257,TXN-900961,order never delivered although tracking says pending,Product not received,54617.33,False,False,False,True
SYN-01192,TXN-542166,payment dispute needs investigation,Other,7034.8,False,False,False,True
SYN-01153,TXN-606773,did not receive the product,Product not received,39505.11,True,False,True,True
SYN-01014,TXN-397917,invoice total differs from debit,Incorrect transaction amount,7198.72,False,True,True,True
SYN-00124,TXN-678727,return completed but money not credited,Refund not processed,26014.62,True,False,True,True
SYN-01191,TXN-909930,renewal debit after cancllation,Subscription cancellation dispute,548.0,True,True,True,True
SYN-00846,TXN-918871,amount taken is higher than agreed. custmer says,Incorrect transaction amount,63334.72,False,False,False,True
SYN-00567,TXN-842057,renewal debit after cancellation,Subscription cancellation dispute,5650.56,False,False,False,True
SYN-01151,TXN-185362,membership was cancelled but billing continued,Subscription cancellation dispute,15850.18,False,False,False,True
SYN-01399,TXN-140141,charged after cancelling subscription. details missing,Subscription cancellation dispute,21021.73,False,False,False,True
SYN-00237,TXN-815054,I do not recognize this payment,Transaction not recognized,6765.84,False,False,False,True
SYN-01457,TXN-337336,my parcel has not arrived. please help,Product not received,54373.88,False,False,False,True
SYN-00106,TXN-134225,item is different from its description,Product not as described,35348.92,False,False,False,True
SYN-00016,TXN-663054,payment dispute needs investigation,Other,51191.62,True,False,True,True
SYN-00557,TXN-980155,I never authorized this transaction. merchant disagrees,Transaction not recognized,18941.21,True,False,True,True
SYN-00635,TXN-907369,same transaction debited two times,Duplicate charge,42324.57,False,False,False,True
SYN-00068,TXN-954596,return completed but money not credited,Refund not processed,33303.93,True,False,True,True
SYN-00166,TXN-575528,amount taken is higher than agreed,Incorrect transaction amount,25551.42,False,False,False,True
SYN-00827,TXN-889327,charged twice for the same order. please help,Duplicate charge,62853.38,False,False,False,True
SYN-01295,TXN-865411,charged after cancelling subscription,Subscription cancellation dispute,6143.8,True,True,True,True
SYN-00457,TXN-435039,did not receive the product. detals missing,Product not received,18001.33,True,False,True,True
SYN-01446,TXN-489714,charged the wrong amount,Incorrect transaction amount,16294.99,True,False,True,True
SYN-00123,TXN-715448,duplicate payment appears on my card. possible mix up,Duplicate charge,22531.28,False,False,False,True
SYN-01128,TXN-920664,I have another issue with this transaction. please help,Other,52063.3,False,False,False,True
SYN-00634,TXN-370211,item is different from its description,Product not as described,38593.36,True,True,True,True
SYN-00235,TXN-372933,charged twice for the same order. urgent,Duplicate charge,19780.16,False,False,False,True
SYN-01310,TXN-308658,charged the wrong amount. urgent,Incorrect transaction amount,12190.54,False,False,False,True
SYN-00866,TXN-586765,service was not as advertised,Product not as described,38163.56,False,False,False,True
SYN-00813,TXN-242371,I do not recognize this payment. please help,Transaction not recognized,49412.57,True,False,True,True
SYN-00443,TXN-329659,duplicate payment appears on my card,Duplicate charge,24051.36,False,True,True,True
SYN-00559,TXN-349136,renewal debit after cancellation,Subscription cancellation dispute,42182.6,False,False,False,True
SYN-00283,TXN-617904,charged twice for the sme order. details missing,Duplicate charge,40838.42,True,False,True,True
SYN-01082,TXN-489511,service was nt as advertised,Product not as described,11666.33,False,True,True,True
SYN-00482,TXN-932204,service was not as advertised. custmer says,Product not as described,25471.72,True,False,True,True
SYN-01276,TXN-188720,refund promised but not received,Refund not processed,56529.29,True,False,True,True
SYN-00875,TXN-409499,same transaction debited two ties. urgent,Duplicate charge,25898.83,False,True,True,True
SYN-01041,TXN-761032,did not receive the product. merchant disagrees,Product not received,788.0,False,True,True,True
SYN-00464,TXN-736818,unclear problem with this purchase,Other,49091.56,False,False,True,True
SYN-01474,TXN-750348,item is different from its description. please help,Product not as described,20803.64,True,False,True,True
SYN-00602,TXN-494956,service was not as advertised,Product not as described,42847.55,False,False,False,True
SYN-01336,TXN-239430,I have another issue with this transaction. details missing,Other,66293.35,True,True,True,True
SYN-00842,TXN-615959,product quality and colour do not match. please help,Product not as described,13546.65,False,False,False,True
SYN-01217,TXN-140712,did not receive the product,Product not received,30776.72,False,False,False,True
SYN-01524,TXN-220034,return completed but money not credited,Refund not processed,45970.0,False,True,True,True
SYN-01441,TXN-716121,did not receive the product,Product not received,59527.65,False,True,True,True
SYN-01084,TXN-228270,merchant has not processed my refund. merchant disagrees,Refund not processed,36761.25,True,False,True,True
SYN-01021,TXN-673734,I never authorized this transaction. possibe mix up,Transaction not recognized,55835.98,True,False,True,True
SYN-00919,TXN-881782,renewal debit after cancelation,Subscription cancellation dispute,5190.08,True,False,True,True
SYN-00729,TXN-780956,did not receive the product. possible mix up,Product not received,22077.96,False,True,True,True
SYN-01190,TXN-794723,amount taken is higher than agreed,Incorrect transaction amount,39310.53,True,False,True,True
SYN-00375,TXN-335765,memership was cancelled but billing continued,Subscription cancellation dispute,2644.63,False,False,False,True
SYN-01580,TXN-966945,merchant has not processed my refund,Refund not processed,42786.37,False,False,False,True
SYN-00307,TXN-436241,charged twice for the same order,Duplicate charge,50505.06,True,False,True,True
SYN-01379,TXN-692232,charged twice for the same order,Duplicate charge,73254.38,True,False,True,True
SYN-00258,TXN-177103,product quality and colour do not match,Product not as described,41580.63,False,False,False,True
SYN-00318,TXN-203398,invoice total differs from debit,Incorrect transaction amount,37395.84,True,False,True,True
SYN-01206,TXN-797309,charged the wrong amount. custmer says,Incorrect transaction amount,68015.98,True,False,True,True
SYN-00071,TXN-184491,membership was cancelled but billing continued,Subscription cancellation dispute,66998.3,True,False,True,True
SYN-01171,TXN-573469,duplicate payment appears n my card. ref tx,Duplicate charge,42799.29,True,True,True,True
SYN-00861,TXN-265416,I do ot recognize this payment,Transaction not recognized,28333.98,False,False,False,True
SYN-00015,TXN-654816,renewal debit after cancellation. custmer says,Subscription cancellation dispute,74709.88,True,False,True,True
SYN-00513,TXN-863187,did not receive the product,Product not received,21953.21,False,False,False,True
SYN-01500,TXN-471399,refund promised but not received,Refund not processed,26944.77,False,False,False,True
SYN-01534,TXN-427406,charged the wrong amunt,Incorrect transaction amount,45920.91,True,False,True,True
SYN-01487,TXN-652501,renewal debit after cancellation. merchant disagrees,Subscription cancellation dispute,33804.8,False,False,False,True
SYN-00215,TXN-227767,renewal debit after cancellation,Subscription cancellation dispute,17974.73,False,False,False,True
SYN-01289,TXN-433443,did not receive the product,Product not received,3786.7,True,True,True,True
SYN-00298,TXN-528728,service was not as advertised. please help,Product not as described,2572.8,True,False,True,True
SYN-01237,TXN-639926,I never authorized this transaction,Transaction not recognized,65264.88,False,False,False,True
SYN-00800,TXN-502460,payment dispute needs investigation,Other,73047.08,False,False,False,True
SYN-00465,TXN-865433,order never delivered although tracking says pending. please help,Product not received,41647.16,False,False,False,True
SYN-01270,TXN-721678,charged the wrong amount. details missing,Incorrect transaction amount,7271.68,False,False,False,True
SYN-00089,TXN-721254,order never delivered although tracking says pending,Product not received,61964.77,False,False,False,True
SYN-00336,TXN-881667,unclear problem with this purchase. possible mix up,Other,6065.47,False,False,True,True
SYN-00936,TXN-959398,payment dispute needs investigation. details missing,Other,5310.68,False,False,False,True
SYN-00391,TXN-822040,membership was cancelled but billing continued. possible mix up,Subscription cancellation dispute,32198.82,False,False,False,True
SYN-01247,TXN-167808,membership was cancelled but billing continued. custmer says,Subscription cancellation dispute,69303.72,True,False,True,True
SYN-01491,TXN-418395,charged twice for the same order,Duplicate charge,49890.82,False,False,False,True
SYN-00273,TXN-934042,order never delivered although tracking says pending,Product not received,42124.03,False,False,False,True
SYN-00781,TXN-326639,unknown purchase on my statement,Transaction not recognized,71314.31,True,False,True,True
SYN-00148,TXN-499534,merchant has not processed my refund. details missing,Refund not processed,19808.94,False,False,False,True
SYN-01013,TXN-608768,I do not recognize this payment,Transaction not recognized,53235.09,True,False,True,True
SYN-00091,TXN-322423,same transaction debited two times,Duplicate charge,13800.8,True,False,True,True
SYN-00607,TXN-123536,charged after cancelling subscription,Subscription cancellation dispute,62535.54,True,True,True,True
SYN-00997,TXN-993209,I never authorized this transaction,Transaction not recognized,19780.64,True,False,True,True
SYN-01449,TXN-701828,my parcel has not arrived. merchant disagrees,Product not received,50416.27,False,False,False,True
SYN-01407,TXN-431890,renewal debit after cancellation. custmer says,Subscription cancellation dispute,55306.34,False,False,False,True
SYN-00969,TXN-878261,did not receive the product,Product not received,72166.32,False,False,False,True
SYN-01454,TXN-519791,amount taken is higher than greed. ref tx,Incorrect transaction amount,56575.94,False,False,False,True
SYN-00147,TXN-929090,same transaction debited two times,Duplicate charge,27559.34,False,False,False,True
SYN-01561,TXN-387592,my parcel has not arrived,Product not received,3086.78,True,False,True,True
SYN-00532,TXN-606545,merchant has not processed my refund,Refund not processed,66903.75,False,False,False,True
SYN-01400,TXN-911813,unclear problem with this purchase. ref tx,Other,74088.23,True,False,True,True
SYN-00207,TXN-500422,charged after cancelling subscription,Subscription cancellation dispute,21275.81,False,False,False,True
SYN-00440,TXN-191982,unclear problem with this purchase,Other,36030.99,False,False,True,True
SYN-00116,TXN-639593,return completed but money not credited. please help,Refund not processed,30431.7,True,False,True,True
SYN-01124,TXN-425903,refund promised but not received,Refund not processed,12502.39,True,False,True,True
SYN-00610,TXN-605065,service was not as advertised,Product not as described,74459.62,True,False,True,True
SYN-00746,TXN-579770,item is different from its desription,Product not as described,24501.52,False,False,False,True
SYN-00372,TXN-247111,return completed but money not credited,Refund not processed,36824.71,False,False,False,True
SYN-00834,TXN-453796,product quality and colour do not match,Product not as described,14779.64,False,False,False,True
SYN-01023,TXN-785836,charged after cancelling subscription,Subscription cancellation dispute,56491.13,False,False,False,True
SYN-01182,TXN-169986,charged the wrong amount. possible mix up,Incorrect transaction amount,50065.61,False,False,False,True
SYN-00223,TXN-143941,charged after cancelling subscrption,Subscription cancellation dispute,59374.76,True,False,True,True
SYN-00541,TXN-578368,I never authorized this transaction,Transaction not recognized,49163.43,False,False,False,True
SYN-01249,TXN-876555,order never delivered although tracking says pending,Product not received,6866.72,True,True,True,True
SYN-00780,TXN-133164,merchant has not processed my refund. please help,Refund not processed,23723.87,False,False,False,True
SYN-01597,TXN-698910,I never authorized this tranaction,Transaction not recognized,21280.73,False,False,False,True
SYN-00788,TXN-220020,merchant has not processed my refund. merchant disagrees,Refund not processed,11979.86,False,False,False,True
SYN-00297,TXN-461264,my parcel has not arrived,Product not received,3586.72,False,False,False,True
SYN-00114,TXN-802685,product quality and colour do not match,Product not as described,25130.8,True,False,True,True
SYN-00769,TXN-236014,did not receive the product. details missing,Product not received,46818.29,True,False,True,True
SYN-00959,TXN-356092,membership was cancelled but billing continued,Subscription cancellation dispute,4421.46,False,False,False,True
SYN-01305,TXN-295200,order never delivered although tracking says pending. ref tx,Product not received,66786.57,False,True,True,True
SYN-00587,TXN-675512,charged twice for the same order. custmer says,Duplicate charge,69941.2,False,False,False,True
SYN-00127,TXN-232378,membership was cancelled but billing continued,Subscription cancellation dispute,72368.83,False,True,True,True
SYN-00388,TXN-964915,return completed but money not credited,Refund not processed,72615.99,False,False,False,True
SYN-00135,TXN-250069,charged after cancelling subscription. details missing,Subscription cancellation dispute,68479.52,False,False,False,True
SYN-01303,TXN-419626,membership was cancelled but billing continued,Subscription cancellation dispute,29642.28,True,False,True,True
SYN-00786,TXN-903398,service was not as advertised,Product not as described,7911.19,True,False,True,True
SYN-00503,TXN-451936,membership was cancelled but billing continued. merchant disagrees,Subscription cancellation dispute,71029.82,False,False,False,True
SYN-00291,TXN-894139,duplicate payment appears on my card. custmer says,Duplicate charge,68477.12,False,False,False,True
SYN-00024,TXN-454508,unclear problem with this purchase,Other,17006.59,False,True,True,True
SYN-01325,TXN-211532,I never authorized this transaction,Transaction not recognized,28926.28,False,False,False,True
SYN-01483,TXN-642985,same transaction debited two times,Duplicate charge,53319.47,True,False,True,True
SYN-01502,TXN-233457,invoice total differs from debit. urgent,Incorrect transaction amount,38512.58,True,False,True,True
SYN-00876,TXN-996536,return completed but money not credited. possible mix up,Refund not processed,72766.13,False,True,True,True
SYN-00985,TXN-679577,did not receive the product,Product not received,18126.99,False,False,False,True
SYN-01388,TXN-115667,return completed but money not credited,Refund not processed,7485.07,False,False,False,True
SYN-00918,TXN-615780,amount taken is higher than agreed,Incorrect transaction amount,31402.74,False,False,False,True
SYN-01213,TXN-663292,unknown purchase on my statement. ref tx,Transaction not recognized,22656.62,True,False,True,True
SYN-00323,TXN-161585,duplicate payment appears on my card. custmer says,Duplicate charge,74276.19,True,False,True,True
SYN-00299,TXN-501058,charged twice for the same order,Duplicate charge,31642.49,False,False,False,True
SYN-00312,TXN-354655,payment dispute needs investigation,Other,10229.27,False,False,False,True
SYN-01266,TXN-612361,product quality and colour do not match,Product not as described,18215.23,False,True,True,True
SYN-00543,TXN-102303,membership was cancelled but billing continued,Subscription cancellation dispute,49486.15,False,True,True,True
SYN-01450,TXN-941718,service was not as advertised,Product not as described,14944.02,True,False,True,True
SYN-00086,TXN-793655,amount taken is higher than agreed,Incorrect transaction amount,40048.88,False,True,True,True
SYN-00951,TXN-588659,charge after cancelling subscription. details missing,Subscription cancellation dispute,37015.12,False,False,False,True
SYN-00499,TXN-409963,same transaction debited two times,Duplicate charge,37402.98,True,True,True,True
SYN-00894,TXN-757746,charged the wrong amount. please help,Incorrect transaction amount,39146.96,False,False,False,True
SYN-00034,TXN-871476,service was not as advertised,Product not as described,4573.61,True,False,True,True
SYN-00413,TXN-130782,unknown purchase on my statement. urgent,Transaction not recognized,9029.76,False,False,False,True
SYN-00262,TXN-434002,invoice total differs from debit,Incorrect transaction amount,69866.31,False,True,True,True
SYN-01347,TXN-900530,same ransaction debited two times,Duplicate charge,62026.68,False,True,True,True
SYN-01492,TXN-229431,merchant has not processed my refund. possible mix up,Refund not processed,61945.03,False,False,False,True
SYN-00546,TXN-851606,service was not as advertised. please help,Product not as described,58650.03,False,False,False,True
SYN-00961,TXN-829765,my parcel has not arrived. mechant disagrees,Product not received,20142.36,False,False,False,True
SYN-00511,TXN-118786,renewal debit after cancellation. merchant disagrees,Subscription cancellation dispute,39920.86,False,False,False,True
SYN-00734,TXN-243928,charged the wrong amount,Incorrect transaction amount,29584.32,True,False,True,True
SYN-00156,TXN-355400,merchant has not processed my refund. urgent,Refund not processed,59052.02,False,True,True,True
SYN-01361,TXN-785720,order never delivered although tracking says pending,Product not received,10538.09,False,False,False,True
SYN-00743,TXN-734086,charged after cancelling subscription. please help,Subscription cancellation dispute,37773.38,False,False,False,True
SYN-00328,TXN-471658,I have another issue with this transaction,Other,19080.13,True,False,True,True
SYN-00783,TXN-649063,charged after cancelling subscription,Subscription cancellation dispute,36363.18,True,False,True,True
SYN-00352,TXN-826490,unclear problem with this purchase. custmer says,Other,21990.87,False,False,True,True
SYN-00738,TXN-788108,service was not as advertised,Product not as described,57799.51,False,False,False,True
SYN-00572,TXN-859143,return completed but money not credited,Refund not processed,19392.23,False,True,True,True
SYN-00488,TXN-766275,payment dispute needs investigation. merchant disagrees,Other,37982.96,True,False,True,True
SYN-00399,TXN-246814,charged after cancelling subscription,Subscription cancellation dispute,67265.05,False,False,False,True
SYN-00555,TXN-982260,duplicate payment appears on my card,Duplicate charge,50633.09,False,False,False,True
SYN-01246,TXN-860652,amount taken is higher than agreed,Incorrect transaction amount,40183.37,True,True,True,True
SYN-00431,TXN-838936,membership was cancelled but billing continued,Subscription cancellation dispute,22954.58,True,False,True,True
SYN-00794,TXN-832534,item is different from its description,Product not as described,61001.07,False,True,True,True
SYN-01331,TXN-932978,charged twice for the same order. merchant disagrees,Duplicate charge,42549.44,True,True,True,True
SYN-00066,TXN-943170,item is different from its description,Product not as described,16568.54,False,False,False,True
SYN-00586,TXN-365018,product quality and colour do not match. custmer says,Product not as described,46342.61,True,False,True,True
SYN-00668,TXN-422823,return completed but money not credited,Refund not processed,6897.73,False,False,False,True
SYN-01318,TXN-301512,amount taken is higher than agreed,Incorrect transaction amount,20684.12,True,False,True,True
SYN-01511,TXN-767101,renewal debit after cancellation. details missing,Subscription cancellation dispute,32539.49,False,False,False,True
SYN-00227,TXN-545120,duplicate payment appears on my card,Duplicate charge,6378.42,False,False,False,True
SYN-00100,TXN-398151,return completed but money not credited. urgent,Refund not processed,1116.46,False,True,True,True
SYN-00810,TXN-433580,item is different from its description,Product not as described,29690.66,True,False,True,True
SYN-00474,TXN-893969,service was not as advertised,Product not as described,9196.2,False,False,False,True
SYN-00968,TXN-119506,payment dispute needs investigation. ref tx,Other,41157.22,False,False,False,True
SYN-01514,TXN-397189,product quality and colour do not match,Product not as described,11282.0,False,False,False,True
SYN-00133,TXN-934816,I neverauthorized this transaction,Transaction not recognized,3639.17,False,False,False,True
SYN-00425,TXN-986575,order neverdelivered although tracking says pending,Product not received,69111.25,False,True,True,True
SYN-00020,TXN-945964,refund promised but not received,Refund not processed,73902.02,True,False,True,True
SYN-00989,TXN-872739,I never authorized this transction,Transaction not recognized,36978.04,True,False,True,True
SYN-00417,TXN-679720,my parcel has not arrived. merchant disagrees,Product not received,64339.75,True,False,True,True
SYN-01337,TXN-780154,order never delivred although tracking says pending,Product not received,8889.74,False,False,False,True
SYN-01271,TXN-441027,charged after cancelling subscription,Subscription cancellation dispute,9566.81,False,False,False,True
SYN-00884,TXN-410997,merchat has not processed my refund,Refund not processed,39912.37,False,False,False,True
SYN-01044,TXN-779792,merchant has not processed my refund. please help,Refund not processed,4949.65,False,False,False,True
SYN-00904,TXN-632056,I have another issue with this transaction,Other,41051.24,True,False,True,True
SYN-00047,TXN-423232,charged after cancelling subscription,Subscription cancellation dispute,9732.05,False,True,True,True
SYN-00809,TXN-476695,my parcel has not arived,Product not received,42089.82,False,True,True,True
SYN-00284,TXN-581206,refund promised but not received,Refund not processed,12353.73,True,True,True,True
SYN-01339,TXN-472751,same transaction debited two times. details missing,Duplicate charge,977.54,False,False,False,True
SYN-00648,TXN-320759,unclear problem with this purchase. merchant disagrees,Other,37507.5,False,False,True,True
SYN-01459,TXN-742515,chargd twice for the same order. possible mix up,Duplicate charge,24833.14,False,True,True,True
SYN-00221,TXN-672536,I never authorized this transaction,Transaction not recognized,3515.35,False,False,False,True
SYN-00713,TXN-464831,my parcel has not arrived,Product not received,57863.2,True,True,True,True
SYN-01315,TXN-361584,duplicate payment appears on my card,Duplicate charge,38440.25,True,True,True,True
SYN-00832,TXN-740140,unclear problem with this purchse,Other,63348.94,False,False,True,True
SYN-01437,TXN-259746,unknown purchase on my statement,Transaction not recognized,38478.02,True,True,True,True
SYN-01083,TXN-718265,duplicate payment appears on my card,Duplicate charge,10831.2,False,False,False,True
SYN-01395,TXN-108328,charged twice for the same order,Duplicate charge,61628.2,False,False,False,True
SYN-00527,TXN-444625,membrship was cancelled but billing continued,Subscription cancellation dispute,48610.1,True,True,True,True
SYN-00722,TXN-753453,item is different from its description,Product not as described,60248.95,True,False,True,True
SYN-01204,TXN-391636,refund promised but not received,Refund not processed,24785.33,False,False,False,True
SYN-00585,TXN-861200,did not receive the product,Product not received,56172.33,False,False,False,True
SYN-00197,TXN-397949,I never authorized this transaction. custmer says,Transaction not recognized,50942.45,True,True,True,True
SYN-00120,TXN-622584,I have anther issue with this transaction,Other,62444.14,False,True,True,True
SYN-01178,TXN-585171,product quality and colour do not match,Product not as described,36923.2,True,False,True,True
SYN-00731,TXN-359409,same transaction debited two times. urgent,Duplicate charge,1806.36,False,False,False,True
SYN-00264,TXN-214928,unclear problem with this purchase,Other,24976.05,False,True,True,True
SYN-00189,TXN-754858,I never authorized this transaction,Transaction not recognized,47719.95,False,False,False,True
SYN-00914,TXN-494025,product quality and colour do not match,Product not as described,44382.37,True,False,True,True
SYN-00881,TXN-779099,my parcel has not arrived. pssible mix up,Product not received,22324.42,False,True,True,True
SYN-00975,TXN-391265,renewal debit after cancellation,Subscription cancellation dispute,59267.09,True,True,True,True
SYN-01035,TXN-880399,charged twice for the same order please help,Duplicate charge,49396.9,False,False,False,True
SYN-01423,TXN-353578,renewal debit after cancellation,Subscription cancellation dispute,74463.61,True,False,True,True
SYN-00081,TXN-259784,didnot receive the product. custmer says,Product not received,1723.45,False,False,False,True
SYN-00877,TXN-585242,I do not recognize this payment. possible mix up,Transaction not recognized,35616.45,False,False,False,True
SYN-01516,TXN-109563,refund promised but not received,Refund not processed,34484.05,True,False,True,True
SYN-00899,TXN-274444,duplicate payment appears on my card,Duplicate charge,21471.06,False,True,True,True
SYN-00789,TXN-384218,I do not recognize this payment,Transaction not recognized,41292.1,True,False,True,True
SYN-00151,TXN-242254,charged after cancelling subscription. please help,Subscription cancellation dispute,66566.88,False,True,True,True
SYN-00040,TXN-356150,I have another issue with this transaction,Other,5344.66,True,False,True,True
SYN-01288,TXN-465848,I have another issue with this transaction,Other,7345.53,False,False,False,True
SYN-00805,TXN-100193,I never authorized this transaction. urgent,Transaction not recognized,47782.37,False,False,False,True
SYN-01095,TXN-527060,charged after cancelling subscription,Subscription cancellation dispute,11735.36,True,False,True,True
SYN-00932,TXN-144582,merchant has not processed my refund,Refund not processed,56848.34,True,False,True,True
SYN-00646,TXN-108827,amount taken is higher than agreed,Incorrect transaction amount,23810.03,True,False,True,True
SYN-00983,TXN-251950,membership was cancelled but billing continued,Subscription cancellation dispute,58863.42,True,False,True,True
SYN-01165,TXN-591507,I do not recognize this payment,Transaction not recognized,41535.17,True,False,True,True
SYN-01166,TXN-831844,amount taken is higher than agreed,Incorrect transaction amount,32273.14,True,False,True,True
SYN-00633,TXN-630829,order never delivered although tracking says pending. urgent,Product not received,13291.78,False,True,True,True
SYN-00902,TXN-255130,invoice total differs from debit,Incorrect transaction amount,73356.07,False,False,False,True
SYN-01435,TXN-222900,charged twice for the same order. please help,Duplicate charge,64139.56,False,False,False,True
SYN-00282,TXN-139286,product quality and colour do not match,Product not as described,21851.42,False,False,False,True
SYN-01421,TXN-353288,unknown purchase on my statement,Transaction not recognized,31220.21,False,False,False,True
SYN-01032,TXN-536471,I have another issue with this transaction,Other,3584.4,False,False,False,True
SYN-01077,TXN-809699,unknown purchase on my statement. please help,Transaction not recognized,6038.92,True,False,True,True
SYN-00149,TXN-443939,I never athorized this transaction,Transaction not recognized,70748.99,False,False,False,True
SYN-01438,TXN-825196,charged he wrong amount,Incorrect transaction amount,6440.6,True,True,True,True
SYN-00097,TXN-389930,my parcel has not arrived,Product not received,55447.37,False,False,False,True
SYN-00711,TXN-281301,renewal debit after cancellation,Subscription cancellation dispute,59509.03,False,False,False,True
SYN-01410,TXN-730134,service was not as advertised. urgent,Product not as described,58123.73,True,False,True,True
SYN-00180,TXN-621546,merchant has not processed my refund,Refund not processed,9173.95,False,False,False,True
SYN-00255,TXN-352422,membership was cancelled but billing continued,Subscription cancellation dispute,34400.31,True,False,True,True
SYN-00854,TXN-175532,amount taken is higher than agreed,Incorrect transaction amount,43534.64,False,True,True,True
SYN-00706,TXN-516379,item is different from its description,Product not as described,34039.23,False,False,False,True
SYN-01290,TXN-990901,product quality and colour do not match. possible mix up,Product not as described,44676.94,False,False,False,True
SYN-01122,TXN-540467,product quality and colour do not match,Product not as described,20988.67,False,False,False,True
SYN-01132,TXN-301831,return completed but money not credited. custmer says,Refund not processed,24748.21,False,False,False,True
SYN-00611,TXN-791691,charged twice for the same order. ref tx,Duplicate charge,13804.12,False,False,False,True
SYN-00037,TXN-373432,I donot recognize this payment,Transaction not recognized,39303.67,False,False,False,True
SYN-00652,TXN-414608,refund promised but not received,Refund not processed,58942.69,False,False,False,True
SYN-00305,TXN-146385,my parcel has not arrived. please help,Product not received,18505.36,False,False,False,True
SYN-00333,TXN-790077,I neer authorized this transaction,Transaction not recognized,40818.24,False,False,False,True
SYN-00458,TXN-452058,item is different from its description,Product not as described,54750.32,False,False,False,True
SYN-00018,TXN-982554,service was not as advertised. details missing,Product not as described,46972.08,False,True,True,True
SYN-01544,TXN-931710,I have another issue with this transaction. please help,Other,66647.37,True,False,True,True
SYN-01193,TXN-201295,my parcel has not arrived,Product not received,16697.7,True,False,True,True
SYN-01176,TXN-716029,I have another issue with this transaction. possible mix up,Other,70448.68,False,False,False,True
SYN-00708,TXN-962283,refund promised but not received. urgent,Refund not processed,70762.37,True,False,True,True
SYN-00274,TXN-461899,service was not as advertised. please help,Product not as described,29710.42,False,False,False,True
SYN-01258,TXN-266926,item is different from its description,Product not as described,68445.67,True,False,True,True
SYN-00025,TXN-340062,my parcel has not arrived,Product not received,47406.13,True,True,True,True
SYN-00304,TXN-316092,I have another issue with this transaction. custmer says,Other,1369.32,False,False,False,True
SYN-01376,TXN-489523,payment dispute needs investigation,Other,4288.49,False,False,False,True
SYN-00721,TXN-787247,did not receive the product. custmer says,Product not received,25969.81,False,False,False,True
SYN-00900,TXN-826515,return completed but money not credited,Refund not processed,62981.85,True,False,True,True
SYN-00379,TXN-223088,duplicate payment ppears on my card,Duplicate charge,33041.87,True,False,True,True
SYN-01536,TXN-314154,unclear problem with this purchase. merchant disagrees,Other,4641.58,True,False,True,True
SYN-01135,TXN-712018,charged after cancelling subscription. merchant disagrees,Subscription cancellation dispute,26958.58,False,False,False,True
SYN-00376,TXN-218710,unclear problem with this purchase. possible mix up,Other,41319.07,False,False,True,True
SYN-01530,TXN-473801,service was not as advertised,Product not as described,37663.1,True,False,True,True
SYN-01141,TXN-905671,I do not recognize this payment,Transaction not recognized,36159.3,False,False,False,True
SYN-01480,TXN-147371,unclear problem with this purchase,Other,35547.58,True,False,True,True
SYN-01584,TXN-135730,I have another issue with this transaction,Other,7753.55,False,False,False,True
SYN-00289,TXN-837733,my parcel has not arrived. please help,Product not received,69248.25,True,False,True,True
SYN-01340,TXN-915987,refund promised but not received,Refund not processed,49367.01,True,True,True,True
SYN-01406,TXN-706590,amount taken is higher thanagreed,Incorrect transaction amount,54259.45,False,False,False,True
SYN-01127,TXN-707056,charged after cancelling subscription,Subscription cancellation dispute,46975.71,False,False,False,True
SYN-00730,TXN-726111,product quality and colour do not match. ref tx,Product not as described,36452.21,False,False,False,True
SYN-00630,TXN-191061,charged the wrong amount,Incorrect transaction amount,73178.29,False,False,False,True
SYN-00528,TXN-459370,payment dispute needs investigation,Other,28071.51,True,False,True,True
SYN-00203,TXN-903531,charged twice for the same order,Duplicate charge,49711.97,False,False,False,True
SYN-01108,TXN-728635,return completed but money not credited,Refund not processed,34592.45,False,False,False,True
SYN-00605,TXN-257538,I never authorized this transaction,Transaction not recognized,21203.83,True,False,True,True
SYN-01546,TXN-406616,item is different from its description. urgent,Product not as described,66803.66,True,False,True,True
SYN-00008,TXN-835911,payment dispute needs investigation,Other,50328.77,True,False,True,True
SYN-00154,TXN-818987,item is different from its description,Product not as described,27328.28,False,False,False,True
SYN-00082,TXN-735324,item is differet from its description. custmer says,Product not as described,27792.73,False,False,False,True
SYN-00803,TXN-525505,duplicate payment appears on my card. details missing,Duplicate charge,13376.99,False,False,False,True
SYN-00393,TXN-833417,order never delivered although tracking says pending. custmer says,Product not received,23051.4,True,False,True,True
SYN-00545,TXN-366641,my parcel has not arrived,Product not received,30808.37,False,False,False,True
SYN-00801,TXN-458823,my parcel has not arrived. possible mix up,Product not received,42626.96,False,False,False,True
SYN-01269,TXN-634510,unknown purchase on my statement,Transaction not recognized,50225.33,True,False,True,True
SYN-01086,TXN-583326,invoice total differs from debit,Incorrect transaction amount,37955.84,False,False,False,True
SYN-01043,TXN-956360,charged twice for the same order,Duplicate charge,50964.04,False,False,False,True
SYN-00548,TXN-633025,retur completed but money not credited. ref tx,Refund not processed,43966.61,False,False,False,True
SYN-00344,TXN-818605,I have another issue with this transaction,Other,39178.14,False,False,False,True
SYN-00903,TXN-623676,membership was cancelled but billing continued,Subscription cancellation dispute,2063.43,False,True,True,True
SYN-00944,TXN-513989,unclear problem ith this purchase,Other,9116.61,False,False,True,True
SYN-01245,TXN-370143,unknown purcase on my statement,Transaction not recognized,16683.35,False,False,False,True
SYN-00462,TXN-209812,charged the wrong amount,Incorrect transaction amount,19731.61,True,True,True,True
SYN-01374,TXN-749114,invoice total differs from debit,Incorrect transaction amount,16046.66,False,True,True,True
SYN-00954,TXN-840356,product qualiy and colour do not match,Product not as described,22867.04,False,False,False,True
SYN-01571,TXN-593549,charged twice for the same order. details missing,Duplicate charge,48967.62,True,False,True,True
SYN-01219,TXN-544638,same transaction debited two times. custmer says,Duplicate charge,48887.44,False,False,False,True
SYN-01164,TXN-338633,return completed but money not creited,Refund not processed,64936.73,False,False,False,True
SYN-01385,TXN-864118,did not receive the product,Product not received,38818.82,True,False,True,True
SYN-00863,TXN-384111,membership was cancelled but billing continued,Subscription cancellation dispute,10902.12,False,True,True,True
SYN-00433,TXN-524035,order never delivered although tracking says pending,Product not received,2523.97,True,False,True,True
SYN-00412,TXN-855777,refund promised but not received,Refund not processed,58767.22,False,False,False,True
SYN-01599,TXN-867173,charged after cancelling subscription,Subscription cancellation dispute,74482.17,True,False,True,True
SYN-00763,TXN-151413,duplicate payment appears on my card. ossible mix up,Duplicate charge,69044.7,False,False,False,True
SYN-00498,TXN-159532,service was not as advertised,Product not as described,18173.84,True,False,True,True
SYN-01119,TXN-810656,renewal debit after cancellation,Subscription cancellation dispute,72741.81,False,True,True,True
SYN-00466,TXN-614796,service was not as advertised. merchant disagrees,Product not as described,41314.31,True,False,True,True
SYN-01481,TXN-253703,my parcel has not arrived,Product not received,12713.56,False,False,False,True
SYN-01348,TXN-728765,return completed but money not credited,Refund not processed,70407.1,False,False,False,True
SYN-01586,TXN-452993,product quality and colour do not match. custmer says,Product not as described,67327.39,False,True,True,True
SYN-01510,TXN-346339,invoice total differs from debit,Incorrect transaction amount,13965.67,True,False,True,True
SYN-01496,TXN-373951,payment dispute needs investigation. custmer says,Other,7539.87,False,False,False,True
SYN-00327,TXN-287974,renewal debit after cancellaion,Subscription cancellation dispute,70490.39,False,False,False,True
SYN-00165,TXN-906315,unknown purchase on my statement,Transaction not recognized,49172.18,False,True,True,True
SYN-00013,TXN-479580,I do not recognize this payment,Transaction not recognized,43847.85,False,False,False,True
SYN-01199,TXN-827418,charged after cancelling subscription,Subscription cancellation dispute,72933.01,False,False,False,True
SYN-00672,TXN-542750,payment dispute needs investigation. custmer says,Other,19870.19,False,False,False,True
SYN-00104,TXN-163156,payment dispute needs investigation,Other,42733.05,False,False,False,True
SYN-00703,TXN-453907,renewal debit after cancellation,Subscription cancellation dispute,30235.88,True,False,True,True
SYN-01017,TXN-513316,order never delivered although tracking says pending,Product not received,51111.51,True,False,True,True
SYN-00085,TXN-817497,I do not recognize this payment,Transaction not recognized,22757.69,True,False,True,True
SYN-01314,TXN-403527,item is different from its description. possible mix up,Product not as described,32687.21,False,False,False,True
SYN-00109,TXN-402630,unknownpurchase on my statement,Transaction not recognized,61853.0,False,False,False,True
SYN-00953,TXN-994303,my parcel has nt arrived,Product not received,33868.09,False,True,True,True
SYN-00976,TXN-158014,unclear problem with this purchase,Other,58710.87,True,False,True,True
SYN-01026,TXN-555193,product quality and colour do not match,Product not as described,46116.92,False,False,False,True
SYN-00878,TXN-720517,invoice total differs from debit. ref tx,Incorrect transaction amount,43543.71,True,False,True,True
SYN-00184,TXN-985506,I have another issue with this transaction,Other,6791.2,False,False,False,True
SYN-00886,TXN-481671,charged the wrong amount,Incorrect transaction amount,68268.22,False,False,False,True
SYN-00957,TXN-398254,I do not recognize this payment,Transaction not recognized,26586.08,False,False,False,True
SYN-01351,TXN-207809,charged after cancelling subscription. details missing,Subscription cancellation dispute,61904.21,False,True,True,True
SYN-00493,TXN-944193,I never authorized this transaction. urgent,Transaction not recognized,19078.06,False,True,True,True
SYN-01308,TXN-980130,merchant has not processed my refund,Refund not processed,33004.63,False,True,True,True
SYN-01088,TXN-564620,payment dispute needs investigation,Other,50348.87,True,True,True,True
SYN-00319,TXN-689849,renewal debit after cancellation,Subscription cancellation dispute,31161.39,False,False,False,True
SYN-00292,TXN-925618,return completed but money not credited,Refund not processed,44766.52,False,False,False,True
SYN-00155,TXN-228093,duplicate payment appears on my card,Duplicate charge,14396.87,False,False,False,True
SYN-00436,TXN-777366,return completed but money not credited. details missing,Refund not processed,5021.57,False,True,True,True
SYN-01442,TXN-883369,product quality and colour do not match. urgent,Product not as described,31894.98,False,False,False,True
SYN-01163,TXN-961784,charged twice for the same order,Duplicate charge,70946.91,True,False,True,True
SYN-00394,TXN-337178,item is ifferent from its description,Product not as described,10125.08,True,False,True,True
SYN-00348,TXN-415029,merchant has not processed my refund,Refund not processed,44660.18,False,False,False,True
SYN-00096,TXN-430876,payment dispute needs investigation,Other,54151.79,True,False,True,True
SYN-01123,TXN-873266,same trasaction debited two times,Duplicate charge,60613.74,True,False,True,True
SYN-00310,TXN-494747,amount taken is higher than agreed,Incorrect transaction amount,11360.63,True,False,True,True
SYN-00217,TXN-469954,did not receive the product. details missing,Product not received,316.01,False,False,False,True
SYN-00046,TXN-824586,charged the wrong amount,Incorrect transaction amount,5827.32,False,True,True,True
SYN-01016,TXN-905572,unclear problem with this urchase,Other,5946.37,False,False,True,True
SYN-01322,TXN-735984,item is different from its description. please help,Product not as described,21155.2,True,False,True,True
SYN-00142,TXN-757937,amount taken is higher than agreed,Incorrect transaction amount,7466.96,False,True,True,True
SYN-00236,TXN-228594,return completed but money not credited,Refund not processed,36941.27,True,False,True,True
SYN-00978,TXN-624548,item is different from its description,Product not as described,42908.38,False,False,False,True
SYN-01273,TXN-665163,did not receive the product,Product not received,62818.2,False,True,True,True
SYN-00408,TXN-662445,unclear problem with this purchase. please help,Other,60642.7,False,False,True,True
SYN-01131,TXN-750338,same transaction debited two times,Duplicate charge,32221.74,False,False,False,True
SYN-00614,TXN-888930,amount taken is higher than agreed. ref tx,Incorrect transaction amount,39950.49,False,False,False,True
SYN-00626,TXN-375871,item is different from its description,Product not as described,6792.01,False,False,False,True
SYN-00002,TXN-308496,item isdifferent from its description,Product not as described,2183.92,True,False,True,True
SYN-01140,TXN-330063,return completed but money not credited. merchant disagrees,Refund not processed,3355.02,False,False,False,True
SYN-00349,TXN-434640,unknown purchase on my statement,Transaction not recognized,29987.72,False,True,True,True
SYN-00371,TXN-766371,same transaction debited two times. ref tx,Duplicate charge,14093.56,True,False,True,True
SYN-00378,TXN-359555,service was not as advertised,Product not as described,49094.3,False,False,False,True
SYN-01160,TXN-310036,I have another issue with this transaction,Other,3062.49,True,True,True,True
SYN-00787,TXN-301898,same transaction debited to times,Duplicate charge,24201.17,True,False,True,True
SYN-00183,TXN-440544,renewal debit after cancellation,Subscription cancellation dispute,30495.82,False,False,False,True
SYN-00624,TXN-520018,I have another issue with this transaction,Other,16240.68,False,True,True,True
SYN-00228,TXN-443848,refund promised but not received,Refund not processed,7873.43,True,False,True,True
SYN-01453,TXN-453778,unknown purchase on my statement. possible mix up,Transaction not recognized,39657.55,True,False,True,True
SYN-00946,TXN-623354,item is different from its description. details missing,Product not as described,31967.3,False,False,False,True
SYN-00759,TXN-112800,membershipwas cancelled but billing continued. urgent,Subscription cancellation dispute,57451.37,False,True,True,True
SYN-00686,TXN-162969,charged the wrong amont. ref tx,Incorrect transaction amount,57014.86,True,False,True,True
SYN-01499,TXN-200707,same transaction debited two times,Duplicate charge,62571.99,True,False,True,True
SYN-00979,TXN-194632,charged twice for the same order,Duplicate charge,19034.49,False,False,False,True
SYN-01417,TXN-709467,my parcel has not arrived,Product not received,33418.38,False,True,True,True
SYN-01279,TXN-146908,renewal debit after cancellation. merchant disagrees,Subscription cancellation dispute,49763.41,False,False,False,True
SYN-00823,TXN-873199,charged after cancelling subscription,Subscription cancellation dispute,22022.43,False,False,False,True
SYN-00874,TXN-825835,product quality and colour do not match,Product not as described,9714.57,False,False,False,True
SYN-00435,TXN-760914,charged twice for the same order. possible mix up,Duplicate charge,28042.91,True,False,True,True
SYN-00748,TXN-140382,return completed but money not credited,Refund not processed,52867.32,False,False,False,True
SYN-00691,TXN-376141,same transaction debited two times,Duplicate charge,22315.61,True,True,True,True
SYN-01545,TXN-180333,did not receive the product,Product not received,60983.93,True,False,True,True
SYN-00335,TXN-809922,membership was cancelled but billing continued,Subscription cancellation dispute,63738.14,False,False,False,True
SYN-00962,TXN-947591,product quality and colour do not match,Product not as described,43025.46,False,False,False,True
SYN-00410,TXN-575394,product quality and colour do not match,Product not as described,32698.81,True,True,True,True
SYN-01323,TXN-801442,charged twice for the same order,Duplicate charge,8541.45,False,False,False,True
SYN-01366,TXN-335496,charged the wrong amount,Incorrect transaction amount,15962.37,False,False,False,True
SYN-00326,TXN-388086,invoice total diffes from debit,Incorrect transaction amount,39799.97,False,True,True,True
SYN-00132,TXN-203225,refund promised but not received. custmer says,Refund not processed,32660.5,False,False,False,True
SYN-00397,TXN-171734,unknown purchase on my statement. possible mix up,Transaction not recognized,50849.53,False,False,False,True
SYN-00099,TXN-157174,charged twice for the same order,Duplicate charge,3603.62,False,True,True,True
SYN-00889,TXN-897846,order never delivered although tracking says pending,Product not received,56537.13,False,False,False,True
SYN-01278,TXN-614266,charged the wrong amount. details missing,Incorrect transaction amount,10660.3,True,False,True,True
SYN-00724,TXN-401659,refund promised but not received. please help,Refund not processed,62466.7,False,True,True,True
SYN-01185,TXN-515943,did not receive the product. plase help,Product not received,64211.69,False,False,False,True
SYN-00386,TXN-611751,item is different from its description,Product not as described,34210.69,False,False,False,True
SYN-00685,TXN-908239,I do not recognize this payment. please help,Transaction not recognized,11792.55,False,False,False,True
SYN-00484,TXN-776913,merchant has not processed my refund,Refund not processed,31374.02,False,False,False,True
SYN-00218,TXN-651613,item is different from its description,Product not as described,27172.52,False,False,False,True
SYN-00716,TXN-567262,refund promised but not received. custmer says,Refund not processed,29587.02,True,False,True,True
SYN-00404,TXN-695990,return completed but money not credited. please help,Refund not processed,64588.75,False,True,True,True
SYN-01563,TXN-138801,same transaction debited two times. merchant disagrees,Duplicate charge,862.54,False,True,True,True
SYN-01200,TXN-170793,I have another issue with this transaction. custmer says,Other,50044.19,False,False,False,True
SYN-01552,TXN-781478,I have another issue with this transaction. custmer says,Other,52435.68,True,False,True,True
SYN-01100,TXN-231671,merchant has not processed my refund,Refund not processed,48935.66,True,False,True,True
SYN-00353,TXN-353777,my parcel has not arrived,Product not received,47573.17,False,False,False,True
SYN-00164,TXN-409222,refund promised but not received. custmer says,Refund not processed,44884.51,False,False,False,True
SYN-00489,TXN-597635,my parcel has not arrived,Product not received,72046.88,False,False,False,True
SYN-01180,TXN-747743,merchant has not processed my refund,Refund not processed,13631.62,False,False,False,True
SYN-01562,TXN-696053,product quality and colour do not match. merchant disagrees,Product not as described,9497.24,False,False,False,True
SYN-00795,TXN-334665,duplicate payment appears on my card. merchant disagrees,Duplicate charge,17529.96,False,False,False,True
SYN-01081,TXN-224535,my parcel has not arrived,Product not received,42014.76,True,True,True,True
SYN-00702,TXN-581003,amount taken is higher than agreed,Incorrect transaction amount,26975.02,True,False,True,True
SYN-00158,TXN-236306,charged the wrong amount. urgent,Incorrect transaction amount,73805.29,False,False,False,True
SYN-00251,TXN-518084,charged twice for the same order. urgent,Duplicate charge,64586.01,False,False,False,True
SYN-01433,TXN-123023,my parcel has not arrived. possible mix up,Product not received,36929.06,False,False,False,True
SYN-00862,TXN-397514,chrged the wrong amount,Incorrect transaction amount,48950.98,True,True,True,True
SYN-00448,TXN-949767,unclear problem with this purchase,Other,62784.76,True,False,True,True
SYN-00209,TXN-992512,my parcel has not arrived,Product not received,63472.59,False,True,True,True
SYN-01594,TXN-277545,service was not as advertised. merchant disagrees,Product not as described,33030.41,True,False,True,True
SYN-00190,TXN-417530,invoice total differs from debit,Incorrect transaction amount,33276.61,True,True,True,True
SYN-00083,TXN-706794,same transaction debited two times,Duplicate charge,23465.02,False,True,True,True
SYN-00315,TXN-116078,same transaction debited two times,Duplicate charge,22877.77,True,False,True,True
SYN-01532,TXN-666795,return completed but money not credited. possible mix up,Refund not processed,4049.68,True,False,True,True
SYN-01042,TXN-404899,service was not as advertised,Product not as described,54884.41,False,False,False,True
SYN-01585,TXN-542875,order never delivered although tracking says pending. urgent,Product not received,68912.92,True,False,True,True
SYN-01392,TXN-400548,unclear problem with this purchase,Other,27387.08,False,False,True,True
SYN-00941,TXN-397388,unknown purchase on my statement,Transaction not recognized,8855.17,True,False,True,True
SYN-01172,TXN-732672,return cmpleted but money not credited,Refund not processed,62020.14,False,True,True,True
SYN-01405,TXN-826559,unknown purchase on my statement,Transaction not recognized,26730.34,True,False,True,True
SYN-01089,TXN-841761,did not receive the product. please help,Product not received,59752.47,False,False,False,True
SYN-00406,TXN-400404,amount taken is higher than agreed. merchant disagrees,Incorrect transaction amount,29967.93,False,False,False,True
SYN-01427,TXN-126885,same transaction debited two times,Duplicate charge,7174.52,True,False,True,True
SYN-01056,TXN-863729,unclear problem with this purchase. please help,Other,27249.92,True,False,True,True
SYN-01397,TXN-214419,unknown purchase on my statement,Transaction not recognized,61407.89,False,False,False,True
SYN-00145,TXN-945664,did not receive the product,Product not received,36241.7,True,False,True,True
SYN-01187,TXN-982442,charged twice for the same order. custmer says,Duplicate charge,61567.74,False,True,True,True
SYN-00812,TXN-802615,return completed but money not credited,Refund not processed,74809.71,False,True,True,True
SYN-00317,TXN-499152,I never authorized this transaction,Transaction not recognized,58208.21,False,False,False,True
SYN-01490,TXN-818826,service was not as advertised,Product not as described,37519.24,True,False,True,True
SYN-00056,TXN-945687,unclear problem with this purchase. details missing,Other,39089.56,True,False,True,True
SYN-00808,TXN-523831,unclear problem with this purchase,Other,73984.33,True,True,True,True
SYN-01456,TXN-130710,payment dispute needs investigation,Other,46424.3,True,False,True,True
SYN-00680,TXN-135138,I have another issue with this transaction,Other,18686.98,False,False,False,True
SYN-01069,TXN-678589,I never authorized this transaction,Transaction not recognized,7142.0,False,False,False,True
SYN-00143,TXN-409445,renewal debit after cancellation. possible mix up,Subscription cancellation dispute,6941.07,False,False,False,True
SYN-01578,TXN-826739,product quality and colour do not match. possible mix up,Product not as described,72935.26,True,False,True,True
SYN-00582,TXN-672233,amount taken is higher than agreed. urgent,Incorrect transaction amount,59851.65,True,False,True,True
SYN-00204,TXN-273580,return completed but money not credited. ref tx,Refund not processed,46930.21,True,False,True,True
SYN-00537,TXN-178501,my parcel has not arrived,Product not received,65232.16,False,False,False,True
SYN-01008,TXN-248683,payment dispute needs investigation,Other,39875.23,True,False,True,True
SYN-00612,TXN-496583,return completed but money not credited. custmer says,Refund not processed,5348.52,False,False,False,True
SYN-01138,TXN-598833,product quality and colour do not match. urgent,Product not as described,14362.99,True,True,True,True
SYN-00171,TXN-220465,same transaction debited two times. custmer says,Duplicate charge,41808.21,False,False,False,True
SYN-00525,TXN-376955,I do not rcognize this payment,Transaction not recognized,73301.34,False,False,False,True
SYN-00168,TXN-683397,payment dispute needs investiation. possible mix up,Other,60920.15,True,False,True,True
SYN-01073,TXN-693071,did not receive the product,Product not received,74177.19,False,False,False,True
SYN-01062,TXN-172961,amounttaken is higher than agreed,Incorrect transaction amount,38897.2,False,False,False,True
SYN-00893,TXN-180685,I do not recognize this payment,Transaction not recognized,21769.57,True,False,True,True
SYN-00592,TXN-610626,payment dispute needs investigation. custmer says,Other,58152.34,False,False,False,True
SYN-01101,TXN-249282,unknown purchase on my statement,Transaction not recognized,58759.33,False,False,False,True
SYN-00793,TXN-659399,order never delivered although tracking says pending,Product not received,50380.77,False,False,False,True
SYN-00437,TXN-583388,unknown purchase on my statemnt,Transaction not recognized,3392.73,False,False,False,True
SYN-00928,TXN-222227,unclear problem with this purchase,Other,68719.05,False,False,True,True
SYN-00111,TXN-340044,charged after cancelling subscription,Subscription cancellation dispute,2133.72,False,False,False,True
SYN-01114,TXN-755608,item is different from its description,Product not as described,61257.62,False,False,False,True
SYN-00782,TXN-630573,amount taken is higher than agreed. please help,Incorrect transaction amount,7125.88,True,False,True,True
SYN-00240,TXN-236074,I have another issue with this transation. ref tx,Other,73729.28,False,False,False,True
SYN-01600,TXN-264340,unclear problem with this purchase. merchant disagrees,Other,5760.48,False,False,True,True
SYN-01232,TXN-493914,I have another issue with this transaction,Other,59425.42,True,False,True,True
SYN-00411,TXN-842287,same transaction debited two times,Duplicate charge,9133.46,False,False,False,True
SYN-00695,TXN-132792,membership was cancelled but billing continued. details missing,Subscription cancellation dispute,13561.36,True,False,True,True
SYN-00495,TXN-636361,membership was cancelled but billing continued. merchant disagrees,Subscription cancellation dispute,7852.05,False,False,False,True
SYN-00346,TXN-746624,product quality an colour do not match,Product not as described,37285.52,False,False,False,True
SYN-00616,TXN-340633,unclear problem with this purchase,Other,39829.81,False,True,True,True
SYN-00383,TXN-233051,charged after cancelling subscription. possible mix up,Subscription cancellation dispute,65055.03,False,False,False,True
SYN-00741,TXN-211957,I never authorized this transaction,Transaction not recognized,58477.05,False,False,False,True
SYN-00259,TXN-224582,duplicate payment appears on my card,Duplicate charge,51093.5,True,False,True,True
SYN-00250,TXN-587002,service was not as advertised,Product not as described,31287.92,False,True,True,True
SYN-00988,TXN-903986,refund promised but not received. possible mix up,Refund not processed,65984.03,False,False,False,True
SYN-00485,TXN-492073,I do not recognize this payment. urgent,Transaction not recognized,38833.82,False,False,False,True
SYN-01226,TXN-830140,product qualty and colour do not match,Product not as described,5423.21,False,True,True,True
SYN-01134,TXN-244360,amount taken is higher than agreed,Incorrect transaction amount,14106.26,False,False,False,True
SYN-01238,TXN-477702,invoice total differs rom debit,Incorrect transaction amount,1442.96,False,False,False,True
SYN-01497,TXN-245936,order never delivered although tracking says pending,Product not received,60367.45,False,False,False,True
SYN-00590,TXN-431699,invoice total differs from debit. custmer says,Incorrect transaction amount,27463.47,False,False,False,True
SYN-01262,TXN-319955,invoice total differs from debit,Incorrect transaction amount,67311.81,False,False,False,True
SYN-00468,TXN-923002,refund promised but not received. urgent,Refund not processed,8839.18,False,False,False,True
SYN-01461,TXN-653217,I never authorized this transaction,Transaction not recognized,9352.65,False,False,False,True
SYN-00829,TXN-416006,unknown purchase on my statement. merchant disagrees,Transaction not recognized,30025.51,True,True,True,True
SYN-00450,TXN-286080,service was not as advertised,Product not as described,25688.12,False,False,False,True
SYN-00023,TXN-518373,membership was cancelled but billing continued,Subscription cancellation dispute,53528.3,False,False,False,True
SYN-01570,TXN-396835,item is different from its description. merchant disagrees,Product not as described,32099.78,False,True,True,True
SYN-00950,TXN-442838,charged the wrong amount,Incorrect transaction amount,45422.48,True,True,True,True
SYN-01111,TXN-229410,renewal debit after cancellation,Subscription cancellation dispute,33498.67,False,False,False,True
SYN-00947,TXN-519677,duplicate payment appears on my card,Duplicate charge,60113.42,False,False,False,True
SYN-01033,TXN-457915,did not receive the product. details missing,Product not received,60625.8,False,False,False,True
SYN-01092,TXN-707705,return completed but money not credited. please help,Refund not processed,62950.86,True,False,True,True
SYN-01126,TXN-932685,invoice total differs from debit. ref tx,Incorrect transaction amount,25151.75,True,True,True,True
SYN-00192,TXN-708519,payment dispute needs investigation. possible mix up,Other,28958.67,True,False,True,True
SYN-00103,TXN-498855,charged after cancelling subscription. possible mix up,Subscription cancellation dispute,58221.65,False,False,False,True
SYN-00664,TXN-756912,I have another issue with his transaction. urgent,Other,21455.6,True,False,True,True
SYN-01367,TXN-489739,charged aftr cancelling subscription,Subscription cancellation dispute,72375.47,False,True,True,True
SYN-00343,TXN-917018,charged after cancellig subscription,Subscription cancellation dispute,31152.41,False,True,True,True
SYN-01047,TXN-858115,membership was cancelled but billing continued,Subscription cancellation dispute,66261.25,False,False,False,True
SYN-01242,TXN-972786,service was not as advertised,Product not as described,6713.41,True,False,True,True
SYN-00163,TXN-168872,charged twice for the same order,Duplicate charge,45700.26,True,True,True,True
SYN-00009,TXN-497887,did not receive the product,Product not received,12421.67,True,False,True,True
SYN-00939,TXN-324682,same transaction debited two times. custmer says,Duplicate charge,28594.59,True,False,True,True
SYN-00891,TXN-406461,duplicate payment appears on my card,Duplicate charge,61938.18,False,False,False,True
SYN-01233,TXN-733729,did not receive the product,Product not received,56816.75,True,False,True,True
SYN-01588,TXN-869070,merchant has not processed my refund,Refund not processed,52568.2,False,False,False,True
SYN-00108,TXN-256226,return completed but money not credited,Refund not processed,17014.97,True,True,True,True
SYN-01052,TXN-609990,refund promised but not received,Refund not processed,42235.77,True,False,True,True
SYN-01049,TXN-309174,my parcel has not arrived,Product not received,9855.55,False,False,False,True
SYN-01415,TXN-998626,renewal debit after cancellation,Subscription cancellation dispute,69400.07,True,False,True,True
SYN-00923,TXN-292148,duplicate payment appears on my card. merchant disagrees,Duplicate charge,57529.66,False,False,False,True
SYN-01259,TXN-510059,charged twice for the same order,Duplicate charge,56876.78,False,False,False,True
SYN-01501,TXN-904016,unknown purchase on my statement,Transaction not recognized,2175.4,False,False,False,True
SYN-00387,TXN-765678,duplicate payment appears on my card,Duplicate charge,72916.81,False,True,True,True
SYN-00578,TXN-527433,item is different from its description. possible mix up,Product not as described,68341.71,True,False,True,True
SYN-00382,TXN-812296,amount taken is higher than agreed. custmer says,Incorrect transaction amount,38677.76,False,False,False,True
SYN-01425,TXN-266140,order never delivered although tracking says pending. custmer says,Product not received,23995.06,False,False,False,True
SYN-00601,TXN-837920,order never delivered although tracking says pending,Product not received,24439.84,True,False,True,True
SYN-00958,TXN-755520,invoice total differs fro debit. details missing,Incorrect transaction amount,2211.14,True,False,True,True
SYN-01022,TXN-193520,amount taken is higher than agreed,Incorrect transaction amount,64940.43,True,False,True,True
SYN-00487,TXN-134677,renewal ebit after cancellation,Subscription cancellation dispute,4509.6,False,False,False,True
SYN-01362,TXN-341292,item is different from its description,Product not as described,40308.24,False,False,False,True
SYN-01411,TXN-953309,duplicate payment appears on my card. urgent,Duplicate charge,1273.97,False,False,False,True
SYN-00675,TXN-259540,same transaction debited two times,Duplicate charge,24183.47,False,False,False,True
SYN-00530,TXN-985364,product quality and colour do not match,Product not as described,4585.81,True,False,True,True
SYN-00119,TXN-677596,renewal debit after cacellation,Subscription cancellation dispute,12045.85,False,False,False,True
SYN-01330,TXN-628345,service was not as advertised,Product not as described,69863.59,True,False,True,True
SYN-00033,TXN-921414,order never delivered although tracking says pending. possible mix up,Product not received,54841.53,True,False,True,True
SYN-00268,TXN-533020,refund promised but not received,Refund not processed,31524.19,True,False,True,True
SYN-00479,TXN-399990,renewal debit after cancellation,Subscription cancellation dispute,7753.19,False,False,False,True
SYN-01335,TXN-224888,renewal debit after cancellation,Subscription cancellation dispute,20284.16,False,False,False,True
SYN-01590,TXN-857630,amount taken is higher than agreed,Incorrect transaction amount,13418.0,False,False,False,True
SYN-00982,TXN-218448,invoice total differs from debit,Incorrect transaction amount,52531.11,True,False,True,True
SYN-00792,TXN-833337,I have another issue with this transaction,Other,62745.68,False,False,False,True
SYN-00526,TXN-427897,invoice total differs from debit. possible mix up,Incorrect transaction amount,60159.19,True,False,True,True
SYN-00093,TXN-599219,I never authorized this tansaction,Transaction not recognized,18175.47,False,False,False,True
SYN-00276,TXN-745584,merchant has not processed my refund. possible mix up,Refund not processed,10467.15,False,False,False,True
SYN-01341,TXN-733698,I never authorized this transaction. custmer says,Transaction not recognized,47041.6,False,False,False,True
SYN-01248,TXN-997728,unclear problem with this purchase. custmer says,Other,58923.91,False,False,True,True
SYN-01466,TXN-988990,service was not as advertised,Product not as described,49215.3,False,False,False,True
SYN-01060,TXN-339266,merchant has not processed my refund,Refund not processed,31744.24,True,False,True,True
SYN-00516,TXN-845652,return completed but money not credited,Refund not processed,9411.64,True,False,True,True
SYN-00717,TXN-186554,I never authoried this transaction,Transaction not recognized,10086.87,True,False,True,True
SYN-00351,TXN-904905,membership was cancelled but billing continued,Subscription cancellation dispute,13657.74,True,False,True,True
SYN-01096,TXN-203540,unclear problem with this purchase. details missing,Other,22491.52,True,False,True,True
SYN-00296,TXN-858414,payment dispute needs investigation. ref tx,Other,60557.08,True,False,True,True
SYN-01107,TXN-374056,charged twice for the same order,Duplicate charge,25828.46,True,False,True,True
SYN-00699,TXN-378727,same transaction debited two times,Duplicate charge,61808.32,False,False,False,True
SYN-00831,TXN-431023,membership was cancelled but billing continued. possible mix up,Subscription cancellation dispute,28773.29,True,False,True,True
SYN-01478,TXN-798384,invoice total differs from debit,Incorrect transaction amount,72175.74,True,False,True,True
SYN-01429,TXN-475517,I never authorized this transaction,Transaction not recognized,47435.97,True,False,True,True
SYN-00445,TXN-955937,I never authorized this transaction,Transaction not recognized,20135.49,True,False,True,True
SYN-00720,TXN-817999,unclear problem with this purchase,Other,32368.35,True,False,True,True
SYN-01286,TXN-253437,amount taken is higher than agreed,Incorrect transaction amount,58399.49,True,False,True,True
SYN-01208,TXN-248407,payment dispute neds investigation,Other,47650.28,True,False,True,True
SYN-00551,TXN-834018,membership was cancelled but billing continued,Subscription cancellation dispute,31072.77,False,True,True,True
SYN-01170,TXN-509873,item is different from its description. merchant disagrees,Product not as described,43125.7,False,False,False,True
SYN-01210,TXN-361063,product quality and colour do not match,Product not as described,13396.55,False,False,False,True
SYN-00600,TXN-478799,payment dispute needs investigation. merchant disagrees,Other,68097.82,True,False,True,True
SYN-00855,TXN-354471,charged after cancelling subscription,Subscription cancellation dispute,46453.85,True,False,True,True
SYN-00973,TXN-219074,unknown purchase on my statement. merchant disagrees,Transaction not recognized,30558.18,True,False,True,True
SYN-00038,TXN-579434,charged the wrong amount,Incorrect transaction amount,48483.1,True,True,True,True
SYN-00175,TXN-540226,membership was cancelled but billing continued. custmer says,Subscription cancellation dispute,16291.15,True,False,True,True
SYN-00852,TXN-117215,merchant has not processed my refund. details missing,Refund not processed,60920.81,False,False,False,True
SYN-00704,TXN-440424,unclear problem with this purchase. details missing,Other,74361.42,False,False,True,True
SYN-00647,TXN-296243,charged after cancelling subscription,Subscription cancellation dispute,64665.65,True,False,True,True
SYN-00850,TXN-763529,service was not as advertised. custmer says,Product not as described,36589.95,True,False,True,True
SYN-00461,TXN-336540,unknown purchase n my statement,Transaction not recognized,56916.38,False,False,False,True
SYN-01477,TXN-278501,I do not recognize this payment. custmer says,Transaction not recognized,51657.29,False,False,False,True
SYN-00658,TXN-742053,service was not as advertised,Product not as described,31751.3,False,False,False,True
SYN-00791,TXN-156413,renewal debit after cancellation,Subscription cancellation dispute,8122.44,False,False,False,True
SYN-00358,TXN-332785,invoice total differs from debit,Incorrect transaction amount,7574.87,False,True,True,True
SYN-00373,TXN-304607,I do not recognize this payment. ref tx,Transaction not recognized,36448.23,False,False,False,True
SYN-00593,TXN-664781,did not receive the product. custmer says,Product not received,10671.26,False,False,False,True
SYN-00364,TXN-936507,refund promised but not received,Refund not processed,34761.11,True,False,True,True
SYN-00502,TXN-202344,invoice total differs from debit,Incorrect transaction amount,13748.14,False,False,False,True
SYN-00095,TXN-677124,membership was cancelled but billing continued,Subscription cancellation dispute,74748.03,False,False,False,True
SYN-00271,TXN-774558,membership was cancelled but billing continued,Subscription cancellation dispute,54124.88,False,False,False,True
SYN-01569,TXN-348490,did not receive the product. urgent,Product not received,38424.97,True,False,True,True
SYN-01531,TXN-174310,same transaction debited two times,Duplicate charge,46984.83,False,False,False,True
SYN-00266,TXN-711868,product quality and colour do not match,Product not as described,54160.45,False,False,False,True
SYN-01066,TXN-775156,item is different from its description,Product not as described,30413.97,False,True,True,True
SYN-01003,TXN-826687,duplicate payment appears on my card,Duplicate charge,65383.84,True,False,True,True
SYN-01555,TXN-900059,charged twice for the same order,Duplicate charge,2540.73,False,False,False,True
SYN-01370,TXN-857656,item is different from its description,Product not as described,35369.27,False,False,False,True
SYN-01142,TXN-110372,invoice total differs from debit,Incorrect transaction amount,702.07,False,False,False,True
SYN-00280,TXN-858243,payment dispute needs investigation. please help,Other,40228.93,True,False,True,True
SYN-01116,TXN-390819,return completed but money not credited,Refund not processed,29826.64,True,False,True,True
SYN-00856,TXN-578344,unclear problem with tis purchase,Other,59568.34,True,False,True,True
SYN-00232,TXN-776502,I have another issue with this transaction,Other,17851.69,False,True,True,True
SYN-00424,TXN-349736,I have another issue with this transaction,Other,15547.74,False,False,False,True
SYN-00324,TXN-761338,return completed but money not credited. posible mix up,Refund not processed,10483.5,True,True,True,True
SYN-01559,TXN-499812,renewal debit after cancellation,Subscription cancellation dispute,12357.82,False,False,False,True
SYN-00144,TXN-656639,payment dispute needs investigation,Other,72867.39,True,False,True,True
SYN-00286,TXN-801765,amount taken is higher than agreed,Incorrect transaction amount,6687.07,False,False,False,True
SYN-01136,TXN-108474,unclear problem with this purchase,Other,27787.85,True,False,True,True
SYN-00588,TXN-446922,merchat has not processed my refund,Refund not processed,43628.14,True,False,True,True
SYN-01443,TXN-492125,duplicate payment appears on my card,Duplicate charge,42621.79,False,False,False,True
SYN-00110,TXN-559023,invoice total differs from debit. custmer says,Incorrect transaction amount,40590.16,False,False,False,True
SYN-01296,TXN-616791,I have another issue with this transaction,Other,41650.71,True,False,True,True
SYN-00272,TXN-412071,unclear problem with this purchase. ref tx,Other,17019.28,True,False,True,True
SYN-01129,TXN-810477,my parcel has not arrived. possible mix up,Product not received,5120.18,True,False,True,True
SYN-00631,TXN-872722,membership was cancelled but billing continued,Subscription cancellation dispute,38926.67,False,False,False,True
SYN-00506,TXN-156688,service was not as advertised. urgent,Product not as described,22516.31,False,False,False,True
SYN-01287,TXN-229502,charged after cancelling subscription. please help,Subscription cancellation dispute,8053.31,False,False,False,True
SYN-00943,TXN-113406,membership was cancelled but billing continued. please help,Subscription cancellation dispute,27683.98,False,False,False,True
SYN-00768,TXN-734155,I have another issue with this transaction. custmer says,Other,54360.47,False,True,True,True
SYN-00446,TXN-986278,amount taken is higher than agreed. urgent,Incorrect transaction amount,70153.35,False,False,False,True
SYN-01125,TXN-450541,I do not recogniz this payment,Transaction not recognized,59831.92,False,True,True,True
SYN-01076,TXN-546370,refund promised but not received. details missing,Refund not processed,11161.33,False,False,False,True
SYN-01389,TXN-623147,I do not recognize this payment,Transaction not recognized,67155.98,False,False,False,True
SYN-01235,TXN-832229,duplicate payment appear on my card,Duplicate charge,429.74,False,False,False,True
SYN-00381,TXN-725850,I never authorized this transaction. urgent,Transaction not recognized,40014.14,False,False,False,True
SYN-01167,TXN-420415,membership was cancelled but billing continued. ref tx,Subscription cancellation dispute,65556.39,True,True,True,True
SYN-00374,TXN-980690,invoice total differs from debit,Incorrect transaction amount,31288.57,False,False,False,True
SYN-00186,TXN-468154,product qality and colour do not match,Product not as described,58261.65,False,False,False,True
SYN-00239,TXN-310743,renewal debit after cancellation,Subscription cancellation dispute,16972.5,True,False,True,True
SYN-00181,TXN-800499,I never authorized this transaction,Transaction not recognized,41992.08,False,False,False,True
SYN-00949,TXN-873637,unknown purchase on my statement. merchant disagrees,Transaction not recognized,2422.35,True,False,True,True
SYN-00177,TXN-563516,my parcl has not arrived. details missing,Product not received,36526.98,True,False,True,True
SYN-01420,TXN-397380,return completed but money not credited,Refund not processed,16949.68,True,False,True,True
SYN-00700,TXN-206142,return completed but money not credited. please help,Refund not processed,39057.02,True,False,True,True
SYN-00242,TXN-461249,product quality and coour do not match,Product not as described,51071.83,False,False,False,True
SYN-00719,TXN-688426,charged after cancelling subscription,Subscription cancellation dispute,42935.11,True,False,True,True
SYN-00561,TXN-363550,order never delivered although tracking says pending,Product not received,1168.81,True,False,True,True
SYN-01309,TXN-216041,unknown purchase on my statement. merchant disagrees,Transaction not recognized,53249.32,True,False,True,True
SYN-01550,TXN-752079,invoice total differs from debit,Incorrect transaction amount,52971.23,True,False,True,True
SYN-00355,TXN-929130,same transaction debited two times,Duplicate charge,40864.2,False,False,False,True
SYN-00839,TXN-769809,charged after cancelling subscription,Subscription cancellation dispute,70226.35,True,False,True,True
SYN-01036,TXN-823825,return completed but money not credited,Refund not processed,51861.23,False,False,False,True
SYN-01431,TXN-769396,membership was cancelled but billing continued,Subscription cancellation dispute,47131.99,True,False,True,True
SYN-00565,TXN-446620,unknown purchase on my statement. merchant disagrees,Transaction not recognized,19274.46,True,False,True,True
SYN-00092,TXN-110644,merchant has not processed my refund,Refund not processed,20864.17,False,False,False,True
SYN-01085,TXN-919304,I never authorized this transacton. possible mix up,Transaction not recognized,67541.39,False,False,False,True
SYN-00354,TXN-602514,product quality and colour do not match,Product not as described,74304.4,False,True,True,True
SYN-01321,TXN-149866,my parcel has not arrived. merchant disagrees,Product not received,18672.5,False,False,False,True
SYN-00547,TXN-717942,duplicate payment appears on my card. rf tx,Duplicate charge,34412.07,True,False,True,True
SYN-00303,TXN-860242,renewal debit after cancellation,Subscription cancellation dispute,14297.53,False,True,True,True
SYN-01413,TXN-218887,unknown purchase on my statement,Transaction not recognized,57427.83,False,False,False,True
SYN-00396,TXN-485416,refund promised but not received,Refund not processed,7918.58,True,False,True,True
SYN-00134,TXN-288803,charged the wrong amount. merchant disagrees,Incorrect transaction amount,51198.35,True,False,True,True
SYN-01220,TXN-776681,return completed but mone not credited. ref tx,Refund not processed,52370.56,False,False,False,True
SYN-01234,TXN-797385,product quality and colour do not match. custmer says,Product not as described,70586.07,False,False,False,True
SYN-01203,TXN-139748,same transaction debited two times. urgent,Duplicate charge,15487.23,True,True,True,True
SYN-00030,TXN-997546,invoice total differs from debit. urgent,Incorrect transaction amount,33345.62,True,False,True,True
SYN-01554,TXN-335351,item is different from its description. details missing,Product not as described,33412.12,True,False,True,True
SYN-00751,TXN-823468,membership was cancelled but billing continued,Subscription cancellation dispute,68943.57,True,False,True,True
SYN-01326,TXN-957115,charged the wrong amount,Incorrect transaction amount,66326.18,True,False,True,True
SYN-00649,TXN-237509,order never delivered although tracking says pending,Product not received,13654.89,False,False,False,True
SYN-00682,TXN-228074,product quality and colour do not match,Product not as described,41308.13,False,False,False,True
SYN-00035,TXN-159642,same transaction debited two times. merhant disagrees,Duplicate charge,39927.77,False,False,False,True
SYN-01381,TXN-473122,unknown purchase on my statement,Transaction not recognized,29419.36,False,False,False,True
SYN-01145,TXN-206105,order never delivered although tracking says pending,Product not received,19781.05,True,True,True,True
SYN-00200,TXN-874661,I have another issue with this transaction. ref tx,Other,52771.45,True,True,True,True
SYN-00644,TXN-332881,return completed but money not credited,Refund not processed,21163.22,False,False,False,True
SYN-00128,TXN-579123,unclear problem with this purchase,Other,7657.53,True,False,True,True
SYN-00909,TXN-303895,I do not recognize this payment. possible mix up,Transaction not recognized,38481.22,False,True,True,True
SYN-00115,TXN-953085,charged twice for the same order,Duplicate charge,70900.42,False,False,False,True
SYN-00245,TXN-677599,I do not recognize this payment. details missing,Transaction not recognized,47701.91,False,False,False,True
SYN-01509,TXN-630374,I do not recognize this payment. please help,Transaction not recognized,2043.32,True,True,True,True
SYN-00170,TXN-705991,product quality and colour do not match,Product not as described,26502.49,False,False,False,True
SYN-01558,TXN-401380,amount taken is higher than agreed,Incorrect transaction amount,69948.89,False,False,False,True
SYN-00363,TXN-876459,same transaction debited two times. possible mix up,Duplicate charge,69758.13,True,False,True,True
SYN-00314,TXN-716126,item is different from its description. custmer says,Product not as described,60387.67,True,True,True,True
SYN-01486,TXN-496129,amount taken is higher than agreed,Incorrect transaction amount,14698.58,False,False,False,True
SYN-00757,TXN-257380,unknownpurchase on my statement,Transaction not recognized,49532.53,False,False,False,True
SYN-01587,TXN-570700,same transaction debited wo times,Duplicate charge,26750.19,True,False,True,True
SYN-00213,TXN-245534,unknown purchase on my statement,Transaction not recognized,52265.88,True,False,True,True
SYN-01183,TXN-227119,renewal debit after cancellation,Subscription cancellation dispute,57186.95,False,False,False,True
SYN-00356,TXN-360289,merchant has not processed my refund,Refund not processed,8379.94,False,False,False,True
SYN-01547,TXN-670054,charged twice for the same order,Duplicate charge,18914.12,True,True,True,True
SYN-00931,TXN-182423,charged twice for the same order,Duplicate charge,9939.46,True,True,True,True
SYN-00965,TXN-196424,I never authorized this transaction. mrchant disagrees,Transaction not recognized,55767.77,False,False,False,True
SYN-00063,TXN-335552,renewal debit after cancellation,Subscription cancellation dispute,50524.79,False,False,False,True
SYN-00118,TXN-559398,invoice total differs from debit,Incorrect transaction amount,69589.85,True,False,True,True
SYN-01373,TXN-264417,I never authorized this transaction,Transaction not recognized,17202.38,False,False,False,True
SYN-00519,TXN-415743,charged after cancelling subscription,Subscription cancellation dispute,47346.92,True,False,True,True
SYN-00090,TXN-587282,product quality and colour do not match. urgent,Product not as described,18440.23,True,False,True,True
SYN-01495,TXN-596162,membership was cancelled but billing continued. custmer says,Subscription cancellation dispute,16569.78,False,True,True,True
SYN-00981,TXN-387883,I never authorized this transaction,Transaction not recognized,16214.54,True,True,True,True
SYN-00564,TXN-225151,merchant has not processed my refund,Refund not processed,55183.68,True,False,True,True
SYN-00069,TXN-597732,I never authorized this transaction,Transaction not recognized,12104.17,False,False,False,True
SYN-00560,TXN-506380,unclear problem with this purchase,Other,69500.99,True,False,True,True
SYN-00027,TXN-198907,same transaction debited two times. details missing,Duplicate charge,30647.49,True,False,True,True
SYN-01030,TXN-587227,charged the wrong amount,Incorrect transaction amount,31093.26,False,False,False,True
SYN-00520,TXN-971002,payment dispute needs investigation,Other,10458.97,True,False,True,True
SYN-00756,TXN-267666,return completed but money not credited,Refund not processed,38472.16,False,False,False,True
SYN-01518,TXN-924911,amount taken is higher than agreed. custmer says,Incorrect transaction amount,34568.69,False,False,False,True
SYN-00673,TXN-779956,did not receive the product. possible mix up,Product not received,20534.78,False,False,False,True
SYN-00636,TXN-128679,refund promised but not received,Refund not processed,44094.21,False,False,False,True
SYN-01229,TXN-562139,I do not recognize this payment,Transaction not recognized,65396.71,True,False,True,True
SYN-00400,TXN-390421,I have another issue with this transaction,Other,10658.44,False,False,False,True
